date,Burner,Flow Floor Act,Flow Floor Set,Flow Radiator Act,Flow Radiator Set,Hotwater,Mixer Floor,Mixer Radiator
2016.12.07 20:52:52,38.5,19.0,0.0,0.0,0.0,22.0,51.3,0.0
2016.12.07 20:52:53,39.3,19.0,0.0,0.0,0.0,22.0,51.3,0.0
2016.12.07 20:52:54,40.1,19.0,0.0,0.0,0.0,22.0,51.3,0.0
2016.12.07 20:52:55,41.4,19.0,0.0,0.0,0.0,22.0,51.3,0.0
2016.12.07 20:52:56,41.7,19.0,0.0,0.0,0.0,22.0,51.3,0.0
2016.12.07 20:52:57,41.0,19.0,0.0,0.0,0.0,22.0,51.3,0.0
2016.12.07 20:52:58,40.4,19.0,0.0,0.0,0.0,22.0,51.3,0.0
2016.12.07 20:52:59,39.7,21.5,0.0,0.0,0.0,22.0,51.3,0.0
2016.12.07 20:53:00,39.1,24.6,0.0,0.0,0.0,22.0,51.3,0.0
2016.12.07 20:53:01,38.5,26.8,0.0,0.0,0.0,22.0,51.3,0.0
2016.12.07 20:53:02,38.0,28.6,0.0,0.0,0.0,22.0,51.3,0.0
2016.12.07 20:53:03,39.5,30.2,0.0,0.0,0.0,22.0,51.3,0.0
2016.12.07 20:53:04,40.9,31.8,0.0,0.0,0.0,22.0,51.3,0.0
2016.12.07 20:53:05,42.0,33.4,0.0,0.0,0.0,22.0,51.3,0.0
2016.12.07 20:53:06,41.3,34.5,0.0,0.0,0.0,22.0,51.3,0.0
2016.12.07 20:53:07,40.7,35.3,0.0,0.0,0.0,22.0,51.3,0.0
2016.12.07 20:53:08,40.0,35.9,0.0,0.0,0.0,22.0,51.3,0.0
2016.12.07 20:53:09,39.4,36.3,0.0,0.0,0.0,22.0,51.3,0.0
2016.12.07 20:53:10,38.8,36.4,0.0,0.0,0.0,22.0,51.3,0.0
2016.12.07 20:53:11,38.2,36.4,0.0,0.0,0.0,22.0,51.3,0.0
2016.12.07 20:53:13,38.8,36.4,0.0,0.0,0.0,22.0,51.3,0.0
2016.12.07 20:53:14,40.3,36.7,0.0,0.0,0.0,22.0,51.3,0.0
2016.12.07 20:53:15,41.6,37.1,0.0,0.0,0.0,22.0,51.3,0.0
2016.12.07 20:53:16,41.7,37.6,0.0,0.0,0.0,22.0,51.3,0.0
2016.12.07 20:53:17,41.0,37.9,0.0,0.0,0.0,22.0,51.3,0.0
2016.12.07 20:53:18,40.4,38.1,0.0,0.0,0.0,22.0,51.3,0.0
2016.12.07 20:53:19,39.8,38.1,0.0,0.0,0.0,22.0,51.3,0.0
2016.12.07 20:53:20,39.1,38.0,0.0,0.0,0.0,22.0,51.3,0.0
2016.12.07 20:53:21,38.5,37.7,0.0,0.0,0.0,22.0,54.6,0.0
2016.12.07 20:53:22,38.1,37.5,0.0,0.0,0.0,22.0,61.9,0.0
2016.12.07 20:53:23,39.5,37.5,0.0,0.0,0.0,22.0,68.6,0.0
2016.12.07 20:53:24,40.8,37.8,0.0,0.0,0.0,22.0,75.3,0.0
2016.12.07 20:53:25,42.0,38.4,0.0,0.0,0.0,22.0,82.6,0.0
2016.12.07 20:53:26,41.3,38.9,0.0,0.0,0.0,22.0,89.9,0.0
2016.12.07 20:53:27,40.6,39.2,0.0,0.0,0.0,22.0,96.9,0.0
2016.12.07 20:53:28,40.0,39.4,0.0,0.0,0.0,22.0,100.0,0.0
2016.12.07 20:53:29,39.4,39.5,0.0,0.0,0.0,22.0,100.0,0.0
2016.12.07 20:53:31,38.8,39.4,0.0,0.0,0.0,22.0,100.0,0.0
2016.12.07 20:53:32,38.2,39.2,0.0,0.0,0.0,22.0,100.0,0.0
2016.12.07 20:53:33,38.6,39.0,0.0,0.0,0.0,22.0,100.0,0.0
2016.12.07 20:53:34,40.1,39.1,0.0,0.0,0.0,22.0,100.0,0.0
2016.12.07 20:53:35,41.6,39.5,0.0,0.0,0.0,22.0,100.0,0.0
2016.12.07 20:53:36,41.6,39.9,0.0,0.0,0.0,22.0,100.0,0.0
2016.12.07 20:53:37,41.0,40.2,0.0,0.0,0.0,22.0,100.0,0.0
2016.12.07 20:53:38,40.4,40.3,0.0,0.0,0.0,22.0,100.0,0.0
2016.12.07 20:53:39,39.7,40.2,0.0,0.0,0.0,22.0,100.0,0.0
2016.12.07 20:53:40,39.1,40.0,0.0,0.0,0.0,22.0,100.0,0.0
2016.12.07 20:53:41,38.5,39.8,0.0,0.0,0.0,22.0,100.0,0.0
2016.12.07 20:53:42,38.0,39.5,0.0,0.0,0.0,22.0,100.0,0.0
2016.12.07 20:53:43,39.5,39.4,0.0,0.0,0.0,22.0,100.0,0.0
2016.12.07 20:53:44,40.9,39.6,0.0,0.0,0.0,22.0,100.0,0.0
2016.12.07 20:53:45,42.0,39.9,0.0,0.0,0.0,22.0,100.0,0.0
2016.12.07 20:53:46,41.4,40.2,0.0,0.0,0.0,22.0,100.0,0.0
2016.12.07 20:53:47,40.7,40.4,0.0,0.0,0.0,22.0,100.0,0.0
2016.12.07 20:53:48,40.0,40.4,0.0,0.0,0.0,22.0,100.0,0.0
2016.12.07 20:53:49,39.4,40.2,0.0,0.0,0.0,22.0,100.0,0.0
2016.12.07 20:53:50,38.8,40.0,0.0,0.0,0.0,22.0,100.0,0.0
2016.12.07 20:53:52,38.2,39.7,0.0,0.0,0.0,22.0,100.0,0.0
2016.12.07 20:53:53,38.8,39.4,0.0,0.0,0.0,22.0,100.0,0.0
2016.12.07 20:53:54,40.1,39.5,0.0,0.0,0.0,22.0,100.0,0.0
2016.12.07 20:53:55,41.4,39.7,0.0,0.0,0.0,22.0,95.3,0.0
2016.12.07 20:53:56,41.7,40.1,0.0,0.0,0.0,22.0,88.0,0.0
2016.12.07 20:53:57,41.0,40.2,0.0,0.0,0.0,22.0,80.7,0.0
2016.12.07 20:53:58,40.4,40.1,0.0,0.0,0.0,22.0,74.0,0.0
2016.12.07 20:53:59,39.8,39.9,0.0,0.0,0.0,22.0,67.3,0.0
2016.12.07 20:54:00,39.1,39.5,0.0,0.0,0.0,22.0,60.0,0.0
2016.12.07 20:54:01,38.6,39.1,0.0,0.0,0.0,22.0,53.3,0.0
2016.12.07 20:54:02,38.0,38.5,0.0,0.0,0.0,22.0,46.0,0.0
2016.12.07 20:54:03,39.5,38.1,0.0,0.0,0.0,22.0,38.7,0.0
2016.12.07 20:54:04,40.9,38.0,0.0,0.0,0.0,22.0,31.3,0.0
2016.12.07 20:54:05,42.0,38.2,0.0,0.0,0.0,22.0,24.0,0.0
2016.12.07 20:54:06,41.2,38.2,0.0,0.0,0.0,22.0,16.7,0.0
2016.12.07 20:54:07,40.6,38.0,0.0,0.0,0.0,22.0,10.0,0.0
2016.12.07 20:54:08,40.0,37.7,0.0,0.0,0.0,22.0,3.3,0.0
2016.12.07 20:54:10,39.4,37.3,0.0,0.0,0.0,22.0,0.0,0.0
2016.12.07 20:54:11,38.7,36.9,0.0,0.0,0.0,22.0,0.0,0.0
2016.12.07 20:54:12,38.2,36.5,0.0,0.0,0.0,22.0,0.0,0.0
2016.12.07 20:54:13,38.9,36.1,0.0,0.0,0.0,22.0,0.0,0.0
2016.12.07 20:54:14,40.4,36.0,0.0,0.0,0.0,22.0,0.0,0.0
2016.12.07 20:54:15,41.7,36.2,0.0,0.0,0.0,22.0,0.0,0.0
2016.12.07 20:54:16,41.6,36.5,0.0,0.0,0.0,22.0,0.0,0.0
2016.12.07 20:54:17,40.9,36.6,0.0,0.0,0.0,22.0,0.0,0.0
2016.12.07 20:54:18,40.2,36.6,0.0,0.0,0.0,22.0,0.0,0.0
2016.12.07 20:54:19,39.5,36.4,0.0,0.0,0.0,22.0,0.0,0.0
2016.12.07 20:54:20,39.0,36.2,0.0,0.0,0.0,22.0,0.0,0.0
2016.12.07 20:54:21,38.3,35.9,0.0,0.0,0.0,22.0,0.0,0.0
2016.12.07 20:54:22,38.5,35.6,0.0,0.0,0.0,22.0,0.0,0.0
2016.12.07 20:54:24,40.0,35.6,0.0,0.0,0.0,22.0,0.0,0.0
2016.12.07 20:54:25,41.3,35.8,0.0,0.0,0.0,22.0,0.0,0.0
2016.12.07 20:54:26,41.8,36.1,0.0,0.0,0.0,22.0,0.0,0.0
2016.12.07 20:54:27,41.1,36.4,0.0,0.0,0.0,22.0,0.0,0.0
2016.12.07 20:54:28,40.4,36.4,0.0,0.0,0.0,22.0,0.0,0.0
2016.12.07 20:54:29,39.8,36.3,0.0,0.0,0.0,22.0,0.0,0.0
2016.12.07 20:54:30,39.2,36.2,0.0,0.0,0.0,22.0,0.0,0.0
2016.12.07 20:54:31,38.6,36.0,0.0,0.0,0.0,22.0,0.0,0.0
2016.12.07 20:54:32,38.0,35.7,0.0,0.0,0.0,22.0,0.0,0.0
2016.12.07 20:54:33,39.0,35.5,0.0,0.0,0.0,22.0,0.0,0.0
2016.12.07 20:54:34,40.4,35.5,0.0,0.0,0.0,22.0,0.0,0.0
2016.12.07 20:54:35,41.8,35.8,0.0,0.0,0.0,22.0,0.0,0.0
2016.12.07 20:54:36,41.5,36.1,0.0,0.0,0.0,22.0,0.0,0.0
2016.12.07 20:54:37,40.8,36.3,0.0,0.0,0.0,22.0,0.0,0.0
2016.12.07 20:54:38,40.2,36.3,0.0,0.0,0.0,22.0,0.0,0.0
2016.12.07 20:54:39,39.5,36.2,0.0,0.0,0.0,22.0,0.0,0.0
2016.12.07 20:54:40,38.9,36.0,0.0,0.0,0.0,22.0,0.0,0.0
2016.12.07 20:54:41,38.3,35.8,0.0,0.0,0.0,22.0,0.0,0.0
2016.12.07 20:54:43,38.7,35.5,0.0,0.0,0.0,22.0,0.0,0.0
2016.12.07 20:54:44,40.0,35.5,0.0,0.0,0.0,22.0,0.0,0.0
2016.12.07 20:54:45,41.3,35.7,0.0,0.0,0.0,22.0,0.0,0.0
2016.12.07 20:54:46,41.8,36.1,0.0,0.0,0.0,22.0,0.0,0.0
2016.12.07 20:54:47,41.1,36.3,0.0,0.0,0.0,22.0,0.0,0.0
2016.12.07 20:54:48,40.4,36.4,0.0,0.0,0.0,22.0,0.0,0.0
2016.12.07 20:54:49,39.8,36.3,0.0,0.0,0.0,22.0,0.0,0.0
2016.12.07 20:54:50,39.2,36.2,0.0,0.0,0.0,22.0,0.0,0.0
2016.12.07 20:54:51,38.6,35.9,0.0,0.0,0.0,22.0,0.0,0.0
2016.12.07 20:54:52,38.0,35.7,0.0,0.0,0.0,22.0,0.0,0.0
2016.12.07 20:54:53,39.2,35.5,0.0,0.0,0.0,22.0,0.0,0.0
2016.12.07 20:54:54,40.7,35.6,0.0,0.0,0.0,22.0,0.0,0.0
2016.12.07 20:54:55,42.1,35.9,0.0,0.0,0.0,22.0,0.0,0.0
2016.12.07 20:54:56,41.4,36.2,0.0,0.0,0.0,22.0,0.0,0.0
2016.12.07 20:54:57,40.8,36.4,0.0,0.0,0.0,22.0,0.0,0.0
2016.12.07 20:54:58,40.1,36.4,0.0,0.0,0.0,22.0,0.0,0.0
2016.12.07 20:54:59,39.5,36.2,0.0,0.0,0.0,22.0,0.0,0.0
2016.12.07 20:55:00,38.9,36.1,0.0,0.0,0.0,22.0,0.0,0.0
2016.12.07 20:55:01,38.3,35.8,0.0,0.0,0.0,22.0,0.0,0.0
2016.12.07 20:55:03,38.5,35.5,0.0,0.0,0.0,22.0,0.0,0.0
2016.12.07 20:55:04,39.9,35.5,0.0,0.0,0.0,22.0,0.0,0.0
2016.12.07 20:55:05,41.2,35.7,0.0,0.0,0.0,22.0,0.0,0.0
2016.12.07 20:55:06,41.8,36.1,0.0,0.0,0.0,22.0,0.0,0.0
2016.12.07 20:55:07,41.1,36.3,0.0,0.0,0.0,22.0,0.0,0.0
2016.12.07 20:55:08,40.4,36.4,0.0,0.0,0.0,22.0,0.0,0.0
2016.12.07 20:55:09,39.8,36.3,0.0,0.0,0.0,22.0,0.0,0.0
2016.12.07 20:55:10,39.2,36.2,0.0,0.0,0.0,22.0,0.0,0.0
2016.12.07 20:55:11,38.6,35.9,0.0,0.0,0.0,22.0,0.0,0.0
2016.12.07 20:55:12,38.0,35.7,0.0,0.0,0.0,22.0,0.0,0.0
2016.12.07 20:55:13,39.2,35.5,0.0,0.0,0.0,22.0,0.0,0.0
2016.12.07 20:55:14,40.7,35.6,0.0,0.0,0.0,22.0,0.0,0.0
2016.12.07 20:55:15,42.0,35.9,0.0,0.0,0.0,22.0,0.0,0.0
2016.12.07 20:55:16,41.5,36.2,0.0,0.0,0.0,22.0,0.0,0.0
2016.12.07 20:55:17,40.8,36.4,0.0,0.0,0.0,22.0,0.0,0.0
2016.12.07 20:55:18,40.1,36.4,0.0,0.0,0.0,22.0,0.0,0.0
2016.12.07 20:55:19,39.5,36.3,0.0,0.0,0.0,22.0,0.0,0.0
2016.12.07 20:55:21,38.8,36.1,0.0,0.0,0.0,22.0,1.9,0.0
2016.12.07 20:55:22,38.3,35.8,0.0,0.0,0.0,22.0,8.6,0.0
2016.12.07 20:55:23,38.5,35.7,0.0,0.0,0.0,22.0,15.3,0.0
2016.12.07 20:55:24,40.0,35.8,0.0,0.0,0.0,22.0,22.6,0.0
2016.12.07 20:55:25,41.5,36.2,0.0,0.0,0.0,22.0,29.9,0.0
2016.12.07 20:55:26,41.8,36.7,0.0,0.0,0.0,22.0,36.6,0.0
2016.12.07 20:55:27,41.1,37.1,0.0,0.0,0.0,22.0,39.3,0.0
2016.12.07 20:55:28,40.4,37.3,0.0,0.0,0.0,22.0,39.3,0.0
2016.12.07 20:55:29,39.7,37.4,0.0,0.0,0.0,22.0,39.3,0.0
2016.12.07 20:55:30,39.1,37.3,0.0,0.0,0.0,22.0,39.3,0.0
2016.12.07 20:55:31,38.5,37.1,0.0,0.0,0.0,22.0,39.3,0.0
2016.12.07 20:55:32,38.1,36.9,0.0,0.0,0.0,22.0,39.3,0.0
2016.12.07 20:55:33,39.5,36.8,0.0,0.0,0.0,22.0,39.3,0.0
2016.12.07 20:55:34,40.9,37.0,0.0,0.0,0.0,22.0,39.3,0.0
2016.12.07 20:55:35,42.0,37.4,0.0,0.0,0.0,22.0,39.3,0.0
2016.12.07 20:55:36,41.3,37.7,0.0,0.0,0.0,22.0,41.9,0.0
2016.12.07 20:55:37,40.6,37.9,0.0,0.0,0.0,22.0,48.6,0.0
2016.12.07 20:55:38,40.0,38.0,0.0,0.0,0.0,22.0,51.3,0.0
2016.12.07 20:55:40,39.4,37.9,0.0,0.0,0.0,22.0,51.3,0.0
2016.12.07 20:55:41,38.8,37.8,0.0,0.0,0.0,22.0,51.3,0.0
2016.12.07 20:55:42,38.2,37.6,0.0,0.0,0.0,22.0,51.3,0.0
2016.12.07 20:55:43,38.6,37.3,0.0,0.0,0.0,22.0,51.3,0.0
2016.12.07 20:55:44,40.1,37.4,0.0,0.0,0.0,22.0,51.3,0.0
2016.12.07 20:55:45,41.6,37.7,0.0,0.0,0.0,22.0,51.3,0.0
2016.12.07 20:55:46,41.7,38.1,0.0,0.0,0.0,22.0,51.3,0.0
2016.12.07 20:55:47,41.1,38.4,0.0,0.0,0.0,22.0,51.3,0.0
2016.12.07 20:55:48,40.4,38.4,0.0,0.0,0.0,22.0,51.3,0.0
2016.12.07 20:55:49,39.7,38.4,0.0,0.0,0.0,22.0,51.3,0.0
2016.12.07 20:55:50,39.2,38.2,0.0,0.0,0.0,22.0,51.3,0.0
2016.12.07 20:55:51,38.6,38.0,0.0,0.0,0.0,22.0,51.3,0.0
2016.12.07 20:55:52,38.0,37.7,0.0,0.0,0.0,22.0,51.3,0.0
2016.12.07 20:55:53,39.2,37.5,0.0,0.0,0.0,22.0,51.3,0.0
2016.12.07 20:55:54,40.7,37.6,0.0,0.0,0.0,22.0,51.3,0.0
2016.12.07 20:55:55,41.9,37.9,0.0,0.0,0.0,22.0,51.3,0.0
2016.12.07 20:55:56,42.3,38.4,0.0,0.0,0.0,22.0,51.3,0.0
2016.12.07 20:55:58,41.6,38.7,0.0,0.0,0.0,22.0,51.3,0.0
2016.12.07 20:55:59,40.9,38.8,0.0,0.0,0.0,22.0,51.3,0.0
2016.12.07 20:56:00,40.2,38.7,0.0,0.0,0.0,22.0,51.3,0.0
2016.12.07 20:56:01,39.6,38.6,0.0,0.0,0.0,22.0,51.3,0.0
2016.12.07 20:56:02,39.0,38.3,0.0,0.0,0.0,22.0,51.3,0.0
2016.12.07 20:56:03,38.3,38.0,0.0,0.0,0.0,22.0,51.3,0.0
2016.12.07 20:56:04,38.4,37.7,0.0,0.0,0.0,22.0,51.3,0.0
2016.12.07 20:56:05,39.8,37.6,0.0,0.0,0.0,22.0,51.3,0.0
2016.12.07 20:56:06,41.2,37.8,0.0,0.0,0.0,22.0,51.3,0.0
2016.12.07 20:56:07,41.8,38.2,0.0,0.0,0.0,22.0,51.3,0.0
2016.12.07 20:56:08,41.2,38.4,0.0,0.0,0.0,22.0,51.3,0.0
2016.12.07 20:56:09,40.6,38.5,0.0,0.0,0.0,22.0,51.3,0.0
2016.12.07 20:56:10,39.9,38.4,0.0,0.0,0.0,22.0,51.3,0.0
2016.12.07 20:56:11,39.2,38.3,0.0,0.0,0.0,22.0,51.3,0.0
2016.12.07 20:56:12,38.7,38.0,0.0,0.0,0.0,22.0,51.3,0.0
2016.12.07 20:56:13,38.1,37.8,0.0,0.0,0.0,22.0,51.3,0.0
2016.12.07 20:56:14,39.1,37.5,0.0,0.0,0.0,22.0,51.3,0.0
2016.12.07 20:56:16,40.5,37.6,0.0,0.0,0.0,22.0,51.3,0.0
2016.12.07 20:56:17,42.0,38.0,0.0,0.0,0.0,22.0,51.3,0.0
2016.12.07 20:56:18,41.5,38.3,0.0,0.0,0.0,22.0,51.3,0.0
2016.12.07 20:56:19,40.8,38.5,0.0,0.0,0.0,22.0,51.3,0.0
2016.12.07 20:56:20,40.2,38.5,0.0,0.0,0.0,22.0,51.3,0.0
2016.12.07 20:56:21,39.5,38.3,0.0,0.0,0.0,22.0,51.3,0.0
2016.12.07 20:56:22,38.9,38.1,0.0,0.0,0.0,22.0,51.3,0.0
2016.12.07 20:56:23,38.3,37.9,0.0,0.0,0.0,22.0,51.3,0.0
2016.12.07 20:56:24,38.5,35.9,0.0,0.0,0.0,22.0,51.3,0.0
2016.12.07 20:56:25,40.0,32.6,0.0,0.0,0.0,22.0,51.3,0.0
2016.12.07 20:56:26,41.3,30.1,0.0,0.0,0.0,22.0,51.3,0.0
2016.12.07 20:56:27,41.8,27.9,0.0,0.0,0.0,22.0,51.3,0.0
2016.12.07 20:56:28,41.1,26.3,0.0,0.0,0.0,22.0,51.3,0.0
2016.12.07 20:56:29,40.4,24.9,0.0,0.0,0.0,22.0,51.3,0.0
2016.12.07 20:56:30,39.8,23.7,0.0,0.0,0.0,22.0,51.3,0.0
2016.12.07 20:56:32,39.1,22.8,0.0,0.0,0.0,22.0,51.3,0.0
2016.12.07 20:56:33,38.5,22.0,0.0,0.0,0.0,22.0,51.3,0.0
2016.12.07 20:56:34,38.1,21.4,0.0,0.0,0.0,22.0,51.3,0.0
2016.12.07 20:56:35,39.5,21.0,0.0,0.0,0.0,22.0,51.3,0.0
2016.12.07 20:56:36,40.9,20.6,0.0,0.0,0.0,22.0,51.3,0.0
2016.12.07 20:56:37,42.0,20.3,0.0,0.0,0.0,22.0,51.3,0.0
2016.12.07 20:56:38,41.2,20.0,0.0,0.0,0.0,22.0,51.3,0.0
2016.12.07 20:56:39,40.6,19.8,0.0,0.0,0.0,22.0,51.3,0.0
2016.12.07 20:56:40,40.0,19.7,0.0,0.0,0.0,22.0,51.3,0.0
2016.12.07 20:56:41,39.3,19.6,0.0,0.0,0.0,22.0,51.3,0.0
2016.12.07 20:56:42,38.7,19.4,0.0,0.0,0.0,22.0,51.3,0.0
2016.12.07 20:56:43,38.2,19.4,0.0,0.0,0.0,22.0,51.3,0.0
2016.12.07 20:56:44,38.9,19.3,0.0,0.0,0.0,22.0,51.3,0.0
2016.12.07 20:56:45,40.3,19.2,0.0,0.0,0.0,22.0,51.3,0.0
2016.12.07 20:56:46,41.6,19.2,0.0,0.0,0.0,22.0,51.3,0.0
2016.12.07 20:56:47,41.6,19.2,0.0,0.0,0.0,22.0,51.3,0.0
2016.12.07 20:56:49,40.9,19.1,0.0,0.0,0.0,22.0,51.3,0.0
2016.12.07 20:56:50,40.3,19.1,0.0,0.0,0.0,22.0,51.3,0.0
2016.12.07 20:56:51,39.7,19.1,0.0,0.0,0.0,22.0,51.3,0.0
2016.12.07 20:56:52,39.0,19.1,0.0,0.0,0.0,22.0,51.3,0.0
2016.12.07 20:56:53,38.4,19.1,0.0,0.0,0.0,22.0,51.3,0.0
2016.12.07 20:56:54,38.4,19.0,0.0,0.0,0.0,22.0,51.3,0.0
2016.12.07 20:56:55,39.9,19.0,0.0,0.0,0.0,22.0,51.3,0.0
2016.12.07 20:56:56,41.2,19.0,0.0,0.0,0.0,22.0,51.3,0.0
2016.12.07 20:56:57,41.8,19.0,0.0,0.0,0.0,22.0,51.3,0.0
2016.12.07 20:56:58,41.1,19.0,0.0,0.0,0.0,22.0,51.3,0.0
2016.12.07 20:56:59,40.4,19.0,0.0,0.0,0.0,22.0,51.3,0.0
2016.12.07 20:57:00,39.8,19.0,0.0,0.0,0.0,22.0,51.3,0.0
2016.12.07 20:57:01,39.2,19.0,0.0,0.0,0.0,22.0,51.3,0.0
2016.12.07 20:57:02,38.6,19.0,0.0,0.0,0.0,22.0,51.3,0.0
2016.12.07 20:57:04,38.0,19.0,0.0,0.0,0.0,22.0,51.3,0.0
2016.12.07 20:57:05,39.3,19.0,0.0,0.0,0.0,22.0,51.3,0.0
2016.12.07 20:57:06,40.8,19.0,0.0,0.0,0.0,22.0,51.3,0.0
2016.12.07 20:57:07,42.1,19.0,0.0,0.0,0.0,22.0,51.3,0.0
2016.12.07 20:57:08,41.4,19.0,0.0,0.0,0.0,22.0,51.3,0.0
2016.12.07 20:57:09,40.7,19.0,0.0,0.0,0.0,22.0,51.3,0.0
2016.12.07 20:57:10,40.1,19.0,0.0,0.0,0.0,22.0,51.3,0.0
2016.12.07 20:57:11,39.5,19.0,0.0,0.0,0.0,22.0,51.3,0.0
2016.12.07 20:57:12,38.8,19.0,0.0,0.0,0.0,22.0,51.3,0.0
2016.12.07 20:57:13,38.2,19.0,0.0,0.0,0.0,22.0,51.3,0.0
2016.12.07 20:57:14,38.8,19.0,0.0,0.0,0.0,22.0,51.3,0.0
2016.12.07 20:57:15,40.3,19.0,0.0,0.0,0.0,22.0,51.3,0.0
2016.12.07 20:57:16,41.7,19.0,0.0,0.0,0.0,22.0,51.3,0.0
2016.12.07 20:57:17,41.6,19.0,0.0,0.0,0.0,22.0,45.3,0.0
2016.12.07 20:57:18,41.0,22.3,28.4,0.0,0.0,22.0,38.6,0.0
2016.12.07 20:57:20,40.3,25.4,28.4,0.0,0.0,22.0,31.3,0.0
2016.12.07 20:57:21,39.7,27.5,28.4,0.0,0.0,22.0,24.6,0.0
2016.12.07 20:57:22,39.1,29.1,28.4,0.0,0.0,22.0,17.9,0.0
2016.12.07 20:57:23,38.5,30.3,28.4,0.0,0.0,22.0,10.6,0.0
2016.12.07 20:57:24,38.0,31.1,28.4,0.0,0.0,22.0,4.0,0.0
2016.12.07 20:57:25,37.4,31.6,28.4,0.0,0.0,22.0,0.0,0.0
2016.12.07 20:57:26,36.9,32.0,28.4,0.0,0.0,22.0,6.7,0.0
2016.12.07 20:57:27,36.4,32.2,28.4,0.0,0.0,22.0,13.6,0.0
2016.12.07 20:57:28,35.9,32.4,28.4,0.0,0.0,22.0,20.3,0.0
2016.12.07 20:57:29,35.4,32.5,28.4,0.0,0.0,22.0,27.6,0.0
2016.12.07 20:57:30,35.0,32.6,28.4,0.0,0.0,22.0,29.6,0.0
2016.12.07 20:57:31,34.6,32.5,28.4,0.0,0.0,22.0,29.6,0.0
2016.12.07 20:57:32,34.1,32.4,28.4,0.0,0.0,22.0,29.6,0.0
2016.12.07 20:57:33,33.7,32.2,28.4,0.0,0.0,22.0,29.6,0.0
2016.12.07 20:57:34,33.3,32.0,28.4,0.0,0.0,22.0,29.6,0.0
2016.12.07 20:57:35,32.9,31.8,28.4,0.0,0.0,22.0,29.6,0.0
2016.12.07 20:57:36,32.5,31.5,28.4,0.0,0.0,22.0,29.6,0.0
2016.12.07 20:57:37,32.2,31.2,28.4,0.0,0.0,22.0,29.6,0.0
2016.12.07 20:57:38,31.8,31.0,28.4,0.0,0.0,22.0,29.6,0.0
2016.12.07 20:57:39,31.5,30.7,28.4,0.0,0.0,22.0,29.6,0.0
2016.12.07 20:57:40,31.2,30.4,28.4,0.0,0.0,22.0,29.6,0.0
2016.12.07 20:57:41,30.9,30.1,28.4,0.0,0.0,22.0,29.6,0.0
2016.12.07 20:57:42,30.6,29.8,28.4,0.0,0.0,22.0,29.6,0.0
2016.12.07 20:57:43,30.3,29.5,28.4,0.0,0.0,22.0,29.6,0.0
2016.12.07 20:57:45,30.0,29.2,28.4,0.0,0.0,22.0,29.6,0.0
2016.12.07 20:57:46,29.7,28.9,28.4,0.0,0.0,22.0,29.6,0.0
2016.12.07 20:57:47,29.4,28.6,28.4,0.0,0.0,22.0,29.6,0.0
2016.12.07 20:57:48,30.9,28.5,28.4,0.0,0.0,22.0,29.6,0.0
2016.12.07 20:57:49,32.5,28.7,28.4,0.0,0.0,22.0,29.6,0.0
2016.12.07 20:57:50,34.2,29.2,28.4,0.0,0.0,22.0,29.6,0.0
2016.12.07 20:57:51,35.7,29.8,28.4,0.0,0.0,22.0,29.6,0.0
2016.12.07 20:57:52,37.3,30.6,28.4,0.0,0.0,22.0,29.6,0.0
2016.12.07 20:57:53,38.7,31.5,28.4,0.0,0.0,22.0,29.6,0.0
2016.12.07 20:57:54,40.2,32.5,28.4,0.0,0.0,22.0,29.6,0.0
2016.12.07 20:57:55,41.6,33.6,28.4,0.0,0.0,22.0,29.6,0.0
2016.12.07 20:57:56,42.9,34.7,28.4,0.0,0.0,22.0,29.6,0.0
2016.12.07 20:57:57,43.5,35.7,28.4,0.0,0.0,22.0,29.6,0.0
2016.12.07 20:57:58,42.7,36.5,0.0,0.0,0.0,22.0,24.3,0.0
2016.12.07 20:57:59,42.0,37.0,0.0,0.0,0.0,22.0,16.9,0.0
2016.12.07 20:58:00,41.3,37.2,0.0,0.0,0.0,22.0,9.6,0.0
2016.12.07 20:58:02,40.6,37.1,0.0,0.0,0.0,22.0,2.2,0.0
2016.12.07 20:58:03,40.0,37.0,0.0,0.0,0.0,22.0,0.0,0.0
2016.12.07 20:58:04,39.3,36.7,0.0,0.0,0.0,22.0,0.0,0.0
2016.12.07 20:58:05,38.7,36.4,0.0,0.0,0.0,22.0,0.0,0.0
2016.12.07 20:58:06,38.1,36.1,0.0,0.0,0.0,22.0,0.0,0.0
2016.12.07 20:58:07,37.6,35.7,0.0,0.0,0.0,22.0,0.0,0.0
2016.12.07 20:58:08,37.1,35.3,0.0,0.0,0.0,22.0,0.0,0.0
2016.12.07 20:58:09,36.6,34.9,0.0,0.0,0.0,22.0,0.0,0.0
2016.12.07 20:58:10,36.1,34.5,0.0,0.0,0.0,22.0,0.0,0.0
2016.12.07 20:58:11,35.6,34.1,0.0,0.0,0.0,22.0,0.0,0.0
2016.12.07 20:58:12,35.1,33.6,0.0,0.0,0.0,22.0,0.0,0.0
2016.12.07 20:58:13,34.7,33.2,0.0,0.0,0.0,22.0,0.0,0.0
2016.12.07 20:58:14,34.2,32.8,0.0,0.0,0.0,22.0,0.0,0.0
2016.12.07 20:58:15,33.8,32.4,0.0,0.0,0.0,22.0,0.0,0.0
2016.12.07 20:58:16,33.5,32.0,0.0,0.0,0.0,22.0,0.0,0.0
2016.12.07 20:58:17,33.0,31.6,0.0,0.0,0.0,22.0,0.0,0.0
2016.12.07 20:58:18,32.7,31.2,0.0,0.0,0.0,22.0,0.0,0.0
2016.12.07 20:58:19,32.3,30.9,0.0,0.0,0.0,22.0,0.0,0.0
2016.12.07 20:58:20,32.0,30.5,0.0,0.0,0.0,22.0,0.0,0.0
2016.12.07 20:58:21,31.6,30.1,0.0,0.0,0.0,22.0,0.0,0.0
2016.12.07 20:58:22,31.3,29.7,0.0,0.0,0.0,22.0,0.0,0.0
2016.12.07 20:58:24,30.9,29.4,0.0,0.0,0.0,22.0,0.0,0.0
2016.12.07 20:58:25,30.6,29.1,0.0,0.0,0.0,22.0,0.0,0.0
2016.12.07 20:58:26,30.4,28.8,0.0,0.0,0.0,22.0,0.0,0.0
2016.12.07 20:58:27,30.1,28.5,0.0,0.0,0.0,22.0,0.0,0.0
2016.12.07 20:58:28,29.8,28.2,0.0,0.0,0.0,22.0,0.0,0.0
2016.12.07 20:58:29,29.5,27.9,0.0,0.0,0.0,22.0,0.0,0.0
2016.12.07 20:58:30,29.2,27.6,0.0,0.0,0.0,22.0,0.0,0.0
2016.12.07 20:58:31,29.0,27.3,0.0,0.0,0.0,22.0,0.0,0.0
2016.12.07 20:58:32,28.7,27.0,0.0,0.0,0.0,22.0,0.0,0.0
2016.12.07 20:58:33,28.5,26.8,0.0,0.0,0.0,22.0,0.0,0.0
2016.12.07 20:58:34,28.3,26.5,0.0,0.0,0.0,22.0,0.0,0.0
2016.12.07 20:58:35,28.0,26.3,0.0,0.0,0.0,22.0,0.0,0.0
2016.12.07 20:58:36,27.9,26.1,0.0,0.0,0.0,22.0,0.0,0.0
2016.12.07 20:58:37,27.6,25.9,0.0,0.0,0.0,22.0,0.0,0.0
2016.12.07 20:58:38,27.4,25.7,0.0,0.0,0.0,22.0,0.0,0.0
2016.12.07 20:58:39,27.3,25.5,0.0,0.0,0.0,22.0,0.0,0.0
2016.12.07 20:58:41,27.1,25.3,0.0,0.0,0.0,22.0,0.0,0.0
2016.12.07 20:58:42,26.9,25.1,28.4,0.0,0.0,22.0,0.0,0.0
2016.12.07 20:58:43,28.7,25.1,28.4,0.0,0.0,22.0,6.0,0.0
2016.12.07 20:58:44,30.5,25.5,28.4,0.0,0.0,22.0,13.3,0.0
2016.12.07 20:58:45,32.1,26.1,28.4,0.0,0.0,22.0,20.0,0.0
2016.12.07 20:58:46,33.7,26.9,28.4,0.0,0.0,22.0,26.6,0.0
2016.12.07 20:58:47,35.3,27.9,28.4,0.0,0.0,22.0,29.3,0.0
2016.12.07 20:58:48,36.9,29.1,28.4,0.0,0.0,22.0,29.3,0.0
2016.12.07 20:58:49,38.5,30.3,28.4,0.0,0.0,22.0,29.3,0.0
2016.12.07 20:58:50,40.0,31.5,28.4,0.0,0.0,22.0,29.3,0.0
2016.12.07 20:58:51,41.4,32.8,28.4,0.0,0.0,22.0,29.3,0.0
2016.12.07 20:58:52,41.3,33.9,28.4,0.0,0.0,22.0,29.3,0.0
2016.12.07 20:58:53,40.6,34.7,28.4,0.0,0.0,22.0,29.3,0.0
2016.12.07 20:58:54,40.0,35.2,28.4,0.0,0.0,22.0,29.3,0.0
2016.12.07 20:58:55,39.4,35.5,28.4,0.0,0.0,22.0,29.3,0.0
2016.12.07 20:58:56,38.9,35.6,28.4,0.0,0.0,22.0,29.3,0.0
2016.12.07 20:58:57,38.3,35.7,0.0,0.0,0.0,22.0,28.6,0.0
2016.12.07 20:58:58,37.7,35.6,0.0,0.0,0.0,22.0,21.3,0.0
2016.12.07 20:58:59,37.2,35.3,0.0,0.0,0.0,22.0,14.6,0.0
2016.12.07 20:59:00,36.7,35.0,0.0,0.0,0.0,22.0,8.0,0.0
2016.12.07 20:59:02,36.1,34.6,0.0,0.0,0.0,22.0,0.6,0.0
2016.12.07 20:59:03,35.6,34.1,0.0,0.0,0.0,22.0,0.0,0.0
2016.12.07 20:59:04,35.1,33.7,0.0,0.0,0.0,22.0,0.0,0.0
2016.12.07 20:59:05,34.7,33.2,0.0,0.0,0.0,22.0,0.0,0.0
2016.12.07 20:59:06,34.2,32.8,0.0,0.0,0.0,22.0,0.0,0.0
2016.12.07 20:59:07,33.8,32.4,0.0,0.0,0.0,22.0,0.0,0.0
2016.12.07 20:59:08,33.4,32.0,0.0,0.0,0.0,22.0,0.0,0.0
2016.12.07 20:59:09,33.0,31.6,0.0,0.0,0.0,22.0,0.0,0.0
2016.12.07 20:59:10,32.7,31.2,0.0,0.0,0.0,22.0,0.0,0.0
2016.12.07 20:59:11,32.3,30.9,0.0,0.0,0.0,22.0,0.0,0.0
2016.12.07 20:59:12,32.0,30.5,0.0,0.0,0.0,22.0,0.0,0.0
2016.12.07 20:59:13,31.6,30.1,0.0,0.0,0.0,22.0,0.0,0.0
2016.12.07 20:59:14,31.3,29.8,0.0,0.0,0.0,22.0,0.0,0.0
2016.12.07 20:59:15,31.0,29.4,0.0,0.0,0.0,22.0,0.0,0.0
2016.12.07 20:59:16,30.7,29.1,0.0,0.0,0.0,22.0,0.0,0.0
2016.12.07 20:59:17,30.4,28.8,0.0,0.0,0.0,22.0,0.0,0.0
2016.12.07 20:59:18,30.1,28.5,0.0,0.0,0.0,22.0,0.0,0.0
2016.12.07 20:59:19,29.8,28.2,0.0,0.0,0.0,22.0,0.0,0.0
2016.12.07 20:59:21,29.5,27.9,0.0,0.0,0.0,22.0,0.0,0.0
2016.12.07 20:59:22,29.3,27.6,0.0,0.0,0.0,22.0,0.0,0.0
2016.12.07 20:59:23,29.0,27.3,0.0,0.0,0.0,22.0,0.0,0.0
2016.12.07 20:59:24,28.7,27.1,0.0,0.0,0.0,22.0,0.0,0.0
2016.12.07 20:59:25,28.5,26.8,0.0,0.0,0.0,22.0,0.0,0.0
2016.12.07 20:59:26,28.3,26.6,0.0,0.0,0.0,22.0,0.0,0.0
2016.12.07 20:59:27,28.1,26.3,0.0,0.0,0.0,22.0,0.0,0.0
2016.12.07 20:59:28,27.8,26.1,0.0,0.0,0.0,22.0,0.0,0.0
2016.12.07 20:59:29,27.6,25.9,0.0,0.0,0.0,22.0,0.0,0.0
2016.12.07 20:59:30,27.8,25.7,28.4,0.0,0.0,22.0,0.6,0.0
2016.12.07 20:59:31,29.7,25.8,28.4,0.0,0.0,22.0,8.0,0.0
2016.12.07 20:59:32,31.4,26.2,28.4,0.0,0.0,22.0,14.7,0.0
2016.12.07 20:59:33,33.1,26.9,28.4,0.0,0.0,22.0,22.0,0.0
2016.12.07 20:59:34,34.8,27.8,28.4,0.0,0.0,22.0,29.3,0.0
2016.12.07 20:59:35,36.3,28.8,28.4,0.0,0.0,22.0,29.3,0.0
2016.12.07 20:59:37,37.9,29.9,28.4,0.0,0.0,22.0,29.3,0.0
2016.12.07 20:59:38,39.2,31.0,28.4,0.0,0.0,22.0,29.3,0.0
2016.12.07 20:59:39,40.7,32.3,28.4,0.0,0.0,22.0,29.3,0.0
2016.12.07 20:59:40,42.1,33.5,28.4,0.0,0.0,22.0,29.3,0.0
2016.12.07 20:59:41,41.7,34.5,28.4,0.0,0.0,22.0,29.3,0.0
2016.12.07 20:59:42,41.0,35.3,28.4,0.0,0.0,22.0,29.3,0.0
2016.12.07 20:59:43,40.3,35.7,28.4,0.0,0.0,22.0,29.3,0.0
2016.12.07 20:59:44,39.7,36.0,28.4,0.0,0.0,22.0,29.3,0.0
2016.12.07 20:59:45,39.0,36.1,0.0,0.0,0.0,22.0,25.9,0.0
2016.12.07 20:59:46,38.5,36.0,0.0,0.0,0.0,22.0,19.3,0.0
2016.12.07 20:59:47,37.9,35.8,0.0,0.0,0.0,22.0,12.6,0.0
2016.12.07 20:59:48,37.4,35.5,0.0,0.0,0.0,22.0,5.3,0.0
2016.12.07 20:59:49,36.9,35.1,0.0,0.0,0.0,22.0,0.0,0.0
2016.12.07 20:59:50,36.3,34.7,0.0,0.0,0.0,22.0,0.0,0.0
2016.12.07 20:59:51,35.9,34.3,0.0,0.0,0.0,22.0,0.0,0.0
2016.12.07 20:59:52,35.4,33.8,0.0,0.0,0.0,22.0,0.0,0.0
2016.12.07 20:59:53,34.9,33.4,0.0,0.0,0.0,22.0,0.0,0.0
2016.12.07 20:59:55,34.4,33.0,0.0,0.0,0.0,22.0,0.0,0.0
2016.12.07 20:59:56,34.0,32.6,0.0,0.0,0.0,22.0,0.0,0.0
2016.12.07 20:59:57,33.6,32.1,0.0,0.0,0.0,22.0,0.0,0.0
2016.12.07 20:59:58,33.2,31.7,0.0,0.0,0.0,22.0,0.0,0.0
2016.12.07 20:59:59,32.8,31.3,0.0,0.0,0.0,22.0,0.0,0.0
2016.12.07 21:00:00,32.5,31.0,0.0,0.0,0.0,22.0,0.0,0.0
2016.12.07 21:00:01,32.1,30.6,0.0,0.0,0.0,22.0,0.0,0.0
2016.12.07 21:00:02,31.7,30.2,0.0,0.0,0.0,22.0,0.0,0.0
2016.12.07 21:00:03,31.4,29.9,0.0,0.0,0.0,22.0,0.0,0.0
2016.12.07 21:00:04,31.1,29.5,0.0,0.0,0.0,22.0,0.0,0.0
2016.12.07 21:00:05,30.8,29.2,0.0,0.0,0.0,22.0,0.0,0.0
2016.12.07 21:00:06,30.4,28.9,0.0,0.0,0.0,22.0,0.0,0.0
2016.12.07 21:00:07,30.2,28.6,0.0,0.0,0.0,22.0,0.0,0.0
2016.12.07 21:00:08,29.9,28.3,0.0,0.0,0.0,22.0,0.0,0.0
2016.12.07 21:00:09,29.6,28.0,0.0,0.0,0.0,22.0,0.0,0.0
2016.12.07 21:00:10,29.3,27.7,0.0,0.0,0.0,22.0,0.0,0.0
2016.12.07 21:00:11,29.1,27.4,0.0,0.0,0.0,22.0,0.0,0.0
2016.12.07 21:00:12,28.8,27.2,0.0,0.0,0.0,22.0,0.0,0.0
2016.12.07 21:00:14,28.6,26.9,0.0,0.0,0.0,22.0,0.0,0.0
2016.12.07 21:00:15,28.4,26.7,0.0,0.0,0.0,22.0,0.0,0.0
2016.12.07 21:00:16,28.2,26.5,0.0,0.0,0.0,22.0,0.0,0.0
2016.12.07 21:00:17,28.0,26.2,0.0,0.0,0.0,22.0,0.0,0.0
2016.12.07 21:00:18,27.7,26.0,0.0,0.0,0.0,22.0,0.0,0.0
2016.12.07 21:00:19,27.5,25.8,0.0,0.0,0.0,22.0,0.0,0.0
2016.12.07 21:00:20,27.3,25.6,28.4,0.0,0.0,22.0,0.0,0.0
2016.12.07 21:00:21,29.2,25.6,28.4,0.0,0.0,22.0,6.6,0.0
2016.12.07 21:00:22,31.1,26.0,28.4,0.0,0.0,22.0,13.9,0.0
2016.12.07 21:00:23,32.8,26.7,28.4,0.0,0.0,22.0,21.3,0.0
2016.12.07 21:00:24,34.5,27.6,28.4,0.0,0.0,22.0,28.6,0.0
2016.12.07 21:00:25,36.2,28.6,28.4,0.0,0.0,22.0,29.3,0.0
2016.12.07 21:00:27,37.7,29.8,28.4,0.0,0.0,22.0,29.3,0.0
2016.12.07 21:00:28,39.2,31.0,28.4,0.0,0.0,22.0,29.3,0.0
2016.12.07 21:00:29,40.6,32.1,28.4,0.0,0.0,22.0,29.3,0.0
2016.12.07 21:00:30,42.0,33.3,28.4,0.0,0.0,22.0,29.3,0.0
2016.12.07 21:00:31,41.7,34.4,28.4,0.0,0.0,22.0,29.3,0.0
2016.12.07 21:00:32,41.0,35.2,28.4,0.0,0.0,22.0,29.3,0.0
2016.12.07 21:00:33,40.3,35.7,28.4,0.0,0.0,22.0,29.3,0.0
2016.12.07 21:00:34,39.7,36.0,28.4,0.0,0.0,22.0,29.3,0.0
2016.12.07 21:00:35,39.1,36.1,0.0,0.0,0.0,22.0,28.0,0.0
2016.12.07 21:00:36,38.5,36.0,0.0,0.0,0.0,22.0,21.3,0.0
2016.12.07 21:00:37,37.9,35.8,0.0,0.0,0.0,22.0,14.0,0.0
2016.12.07 21:00:38,37.4,35.5,0.0,0.0,0.0,22.0,7.4,0.0
2016.12.07 21:00:39,36.9,35.1,0.0,0.0,0.0,22.0,0.0,0.0
2016.12.07 21:00:40,36.4,34.7,0.0,0.0,0.0,22.0,0.0,0.0
2016.12.07 21:00:41,35.9,34.3,0.0,0.0,0.0,22.0,0.0,0.0
2016.12.07 21:00:42,35.4,33.9,0.0,0.0,0.0,22.0,0.0,0.0
2016.12.07 21:00:43,34.9,33.4,0.0,0.0,0.0,22.0,0.0,0.0
2016.12.07 21:00:44,34.5,33.0,0.0,0.0,0.0,22.0,0.0,0.0
2016.12.07 21:00:46,34.0,32.6,0.0,0.0,0.0,22.0,0.0,0.0
2016.12.07 21:00:47,33.6,32.2,0.0,0.0,0.0,22.0,0.0,0.0
2016.12.07 21:00:48,33.2,31.8,0.0,0.0,0.0,22.0,0.0,0.0
2016.12.07 21:00:49,32.9,31.4,0.0,0.0,0.0,22.0,0.0,0.0
2016.12.07 21:00:50,32.5,31.0,0.0,0.0,0.0,22.0,0.0,0.0
2016.12.07 21:00:51,32.1,30.6,0.0,0.0,0.0,22.0,0.0,0.0
2016.12.07 21:00:52,31.8,30.3,0.0,0.0,0.0,22.0,0.0,0.0
2016.12.07 21:00:53,31.4,29.9,0.0,0.0,0.0,22.0,0.0,0.0
2016.12.07 21:00:54,31.1,29.5,0.0,0.0,0.0,22.0,0.0,0.0
2016.12.07 21:00:55,30.8,29.2,0.0,0.0,0.0,22.0,0.0,0.0
2016.12.07 21:00:56,30.5,28.9,0.0,0.0,0.0,22.0,0.0,0.0
2016.12.07 21:00:57,30.2,28.6,0.0,0.0,0.0,22.0,0.0,0.0
2016.12.07 21:00:58,29.9,28.3,0.0,0.0,0.0,22.0,0.0,0.0
2016.12.07 21:00:59,29.6,28.0,0.0,0.0,0.0,22.0,0.0,0.0
2016.12.07 21:01:00,29.3,27.7,0.0,0.0,0.0,22.0,0.0,0.0
2016.12.07 21:01:01,29.1,27.4,0.0,0.0,0.0,22.0,0.0,0.0
2016.12.07 21:01:03,28.8,27.2,0.0,0.0,0.0,22.0,0.0,0.0
2016.12.07 21:01:04,28.6,26.9,0.0,0.0,0.0,22.0,0.0,0.0
2016.12.07 21:01:05,28.4,26.7,0.0,0.0,0.0,22.0,0.0,0.0
2016.12.07 21:01:06,28.1,26.4,0.0,0.0,0.0,22.0,0.0,0.0
2016.12.07 21:01:07,27.9,26.2,0.0,0.0,0.0,22.0,0.0,0.0
2016.12.07 21:01:08,27.7,26.0,0.0,0.0,0.0,22.0,0.0,0.0
2016.12.07 21:01:09,27.5,25.8,0.0,0.0,0.0,22.0,0.0,0.0
2016.12.07 21:01:10,27.3,25.5,0.0,0.0,0.0,22.0,0.0,0.0
2016.12.07 21:01:11,27.2,25.4,0.0,0.0,0.0,22.0,0.0,0.0
2016.12.07 21:01:12,27.0,25.2,0.0,0.0,0.0,22.0,0.0,0.0
2016.12.07 21:01:13,26.8,25.0,0.0,0.0,0.0,22.0,0.0,0.0
2016.12.07 21:01:14,26.7,24.8,0.0,0.0,0.0,22.0,0.0,0.0
2016.12.07 21:01:15,26.5,24.6,0.0,0.0,0.0,22.0,0.0,0.0
2016.12.07 21:01:16,26.3,24.5,0.0,0.0,0.0,22.0,0.0,0.0
2016.12.07 21:01:17,26.2,24.3,0.0,0.0,0.0,22.0,0.0,0.0
2016.12.07 21:01:18,26.0,24.1,0.0,0.0,0.0,22.0,0.0,0.0
2016.12.07 21:01:19,25.9,24.0,0.0,0.0,0.0,22.0,0.0,0.0
2016.12.07 21:01:21,25.8,23.9,0.0,0.0,0.0,22.0,0.0,0.0
2016.12.07 21:01:22,25.6,23.7,0.0,0.0,0.0,22.0,0.0,0.0
2016.12.07 21:01:23,25.5,23.6,0.0,0.0,0.0,22.0,0.0,0.0
2016.12.07 21:01:24,25.4,23.4,0.0,0.0,0.0,22.0,0.0,0.0
2016.12.07 21:01:25,25.3,23.3,0.0,0.0,0.0,22.0,0.0,0.0
2016.12.07 21:01:26,25.2,23.2,0.0,0.0,0.0,22.0,0.0,0.0
2016.12.07 21:01:27,25.0,23.1,0.0,0.0,0.0,22.0,0.0,0.0
2016.12.07 21:01:28,24.9,23.0,0.0,0.0,0.0,22.0,0.0,0.0
2016.12.07 21:01:29,24.8,22.9,0.0,0.0,0.0,22.0,0.0,0.0
2016.12.07 21:01:30,24.7,22.8,0.0,0.0,0.0,22.0,0.0,0.0
2016.12.07 21:01:31,24.6,22.6,0.0,0.0,0.0,22.0,0.0,0.0
2016.12.07 21:01:32,24.6,22.6,0.0,0.0,0.0,22.0,0.0,0.0
2016.12.07 21:01:33,24.5,22.5,0.0,0.0,0.0,22.0,0.0,0.0
2016.12.07 21:01:34,24.4,22.4,0.0,0.0,0.0,22.0,0.0,0.0
2016.12.07 21:01:35,24.3,22.3,0.0,0.0,0.0,22.0,0.0,0.0
2016.12.07 21:01:36,24.2,22.2,0.0,0.0,0.0,22.0,0.0,0.0
2016.12.07 21:01:37,24.1,22.1,0.0,0.0,0.0,22.0,0.0,0.0
2016.12.07 21:01:38,24.1,22.0,0.0,0.0,0.0,22.0,0.0,0.0
2016.12.07 21:01:40,24.0,22.0,0.0,0.0,0.0,22.0,0.0,0.0
2016.12.07 21:01:41,23.9,21.9,0.0,0.0,0.0,22.0,0.0,0.0
2016.12.07 21:01:42,23.9,21.8,0.0,0.0,0.0,22.0,0.0,0.0
2016.12.07 21:01:43,23.8,21.7,0.0,0.0,0.0,22.0,0.0,0.0
2016.12.07 21:01:44,23.7,21.7,0.0,0.0,0.0,22.0,0.0,0.0
2016.12.07 21:01:45,23.7,21.6,0.0,0.0,0.0,22.0,0.0,0.0
2016.12.07 21:01:46,23.6,21.5,0.0,0.0,0.0,22.0,0.0,0.0
2016.12.07 21:01:47,23.6,21.5,0.0,0.0,0.0,22.0,0.0,0.0
2016.12.07 21:01:48,23.5,21.4,0.0,0.0,0.0,22.0,0.0,0.0
2016.12.07 21:01:49,23.5,21.4,0.0,0.0,0.0,22.0,0.0,0.0
2016.12.07 21:01:50,23.4,21.3,0.0,0.0,0.0,22.0,0.0,0.0
2016.12.07 21:01:51,23.4,21.3,0.0,0.0,0.0,22.0,0.0,0.0
2016.12.07 21:01:52,23.3,21.2,0.0,0.0,0.0,22.0,0.0,0.0
2016.12.07 21:01:53,23.3,21.2,0.0,0.0,0.0,22.0,0.0,0.0
2016.12.07 21:01:54,23.2,21.1,0.0,0.0,0.0,22.0,0.0,0.0
2016.12.07 21:01:55,23.2,21.1,0.0,0.0,0.0,22.0,0.0,0.0
2016.12.07 21:01:56,23.1,21.0,0.0,0.0,0.0,22.0,0.0,0.0
2016.12.07 21:01:57,23.1,21.0,0.0,0.0,0.0,22.0,0.0,0.0
2016.12.07 21:01:58,23.1,20.9,0.0,0.0,0.0,22.0,0.0,0.0
2016.12.07 21:02:00,23.0,20.9,0.0,0.0,0.0,22.0,0.0,0.0
2016.12.07 21:02:01,23.0,20.9,0.0,0.0,0.0,22.0,0.0,0.0
2016.12.07 21:02:02,23.0,20.8,0.0,0.0,0.0,22.0,0.0,0.0
2016.12.07 21:02:03,22.9,20.8,0.0,0.0,0.0,22.0,0.0,0.0
2016.12.07 21:02:04,22.9,20.8,0.0,0.0,0.0,22.0,0.0,0.0
2016.12.07 21:02:05,22.9,20.7,0.0,0.0,0.0,22.0,0.0,0.0
2016.12.07 21:02:06,22.8,20.7,0.0,0.0,0.0,22.0,0.0,0.0
2016.12.07 21:02:07,22.8,20.7,0.0,0.0,0.0,22.0,0.0,0.0
2016.12.07 21:02:08,22.8,20.6,0.0,0.0,0.0,22.0,0.0,0.0
2016.12.07 21:02:09,22.7,20.6,0.0,0.0,0.0,22.0,0.0,0.0
2016.12.07 21:02:10,22.7,20.6,0.0,0.0,0.0,22.0,0.0,0.0
2016.12.07 21:02:11,22.7,20.6,0.0,0.0,0.0,22.0,0.0,0.0
2016.12.07 21:02:12,22.7,20.5,0.0,0.0,0.0,22.0,0.0,0.0
2016.12.07 21:02:13,22.7,20.5,0.0,0.0,0.0,22.0,0.0,0.0
2016.12.07 21:02:14,22.6,20.5,0.0,0.0,0.0,22.0,0.0,0.0
2016.12.07 21:02:15,22.6,20.5,0.0,0.0,0.0,22.0,0.0,0.0
2016.12.07 21:02:17,22.6,20.4,0.0,0.0,0.0,22.0,0.0,0.0
2016.12.07 21:02:18,22.6,20.4,0.0,0.0,0.0,22.0,0.0,0.0
2016.12.07 21:02:19,22.5,20.4,0.0,0.0,0.0,22.0,0.0,0.0
2016.12.07 21:02:20,22.5,20.4,0.0,0.0,0.0,22.0,0.0,0.0
2016.12.07 21:02:21,22.5,20.3,0.0,0.0,0.0,22.0,0.0,0.0
2016.12.07 21:02:22,22.5,20.3,0.0,0.0,0.0,22.0,0.0,0.0
2016.12.07 21:02:23,22.5,20.3,0.0,0.0,0.0,22.0,0.0,0.0
2016.12.07 21:02:24,22.5,20.3,0.0,0.0,0.0,22.0,0.0,0.0
2016.12.07 21:02:25,22.4,20.3,0.0,0.0,0.0,22.0,0.0,0.0
2016.12.07 21:02:26,22.4,20.3,0.0,0.0,0.0,22.0,0.0,0.0
2016.12.07 21:02:27,22.4,20.2,0.0,0.0,0.0,22.0,0.0,0.0
2016.12.07 21:02:28,22.4,20.2,0.0,0.0,0.0,22.0,0.0,0.0
2016.12.07 21:02:29,22.4,20.2,0.0,0.0,0.0,22.0,0.0,0.0
2016.12.07 21:02:30,22.4,20.2,0.0,0.0,0.0,22.0,0.0,0.0
2016.12.07 21:02:31,22.4,20.2,0.0,0.0,0.0,22.0,0.0,0.0
2016.12.07 21:02:33,22.3,20.2,0.0,0.0,0.0,22.0,0.0,0.0
2016.12.07 21:02:34,22.3,20.2,0.0,0.0,0.0,22.0,0.0,0.0
2016.12.07 21:02:35,22.3,20.1,0.0,0.0,0.0,22.0,0.0,0.0
2016.12.07 21:02:36,22.3,20.1,0.0,0.0,0.0,22.0,0.0,0.0
2016.12.07 21:02:37,22.3,20.1,0.0,0.0,0.0,22.0,0.0,0.0
2016.12.07 21:02:38,22.3,20.1,0.0,0.0,0.0,22.0,0.0,0.0
2016.12.07 21:02:39,22.3,20.1,0.0,0.0,0.0,22.0,0.0,0.0
2016.12.07 21:02:40,22.3,20.1,0.0,0.0,0.0,22.0,0.0,0.0
2016.12.07 21:02:41,22.3,20.1,0.0,0.0,0.0,22.0,0.0,0.0
2016.12.07 21:02:42,22.2,20.1,0.0,0.0,0.0,22.0,0.0,0.0
2016.12.07 21:02:43,22.2,20.1,0.0,0.0,0.0,22.0,0.0,0.0
2016.12.07 21:02:44,22.2,20.1,0.0,0.0,0.0,22.0,0.0,0.0
2016.12.07 21:02:45,22.2,20.0,0.0,0.0,0.0,22.0,0.0,0.0
2016.12.07 21:02:46,22.2,20.0,0.0,0.0,0.0,22.0,0.0,0.0
2016.12.07 21:02:47,22.2,20.0,0.0,0.0,0.0,22.0,0.0,0.0
2016.12.07 21:02:49,22.2,20.0,0.0,0.0,0.0,22.0,0.0,0.0
2016.12.07 21:02:50,22.2,20.0,0.0,0.0,0.0,22.0,0.0,0.0
2016.12.07 21:02:51,22.2,20.0,0.0,0.0,0.0,22.0,0.0,0.0
2016.12.07 21:02:52,22.2,20.0,0.0,0.0,0.0,22.0,0.0,0.0
2016.12.07 21:02:53,22.2,20.0,0.0,0.0,0.0,22.0,0.0,0.0
2016.12.07 21:02:54,22.2,20.0,0.0,0.0,0.0,22.0,0.0,0.0
2016.12.07 21:02:55,22.2,20.0,0.0,0.0,0.0,22.0,0.0,0.0
2016.12.07 21:02:56,22.2,20.0,0.0,0.0,0.0,22.0,0.0,0.0
2016.12.07 21:02:57,22.2,20.0,0.0,0.0,0.0,22.0,0.0,0.0
2016.12.07 21:02:58,22.1,20.0,0.0,0.0,0.0,22.0,0.0,0.0
2016.12.07 21:02:59,22.1,20.0,0.0,0.0,0.0,22.0,0.0,0.0
2016.12.07 21:03:00,22.1,19.9,0.0,0.0,0.0,22.0,0.0,0.0
2016.12.07 21:03:01,22.1,19.9,0.0,0.0,0.0,22.0,0.0,0.0
2016.12.07 21:03:02,22.1,19.9,0.0,0.0,0.0,22.0,0.0,0.0
2016.12.07 21:03:04,22.1,19.9,0.0,0.0,0.0,22.0,0.0,0.0
2016.12.07 21:03:05,22.1,19.9,0.0,0.0,0.0,22.0,0.0,0.0
2016.12.07 21:03:06,22.1,19.9,0.0,0.0,0.0,22.0,0.0,0.0
2016.12.07 21:03:07,22.1,19.9,0.0,0.0,0.0,22.0,0.0,0.0
2016.12.07 21:03:08,22.1,19.9,0.0,0.0,0.0,22.0,0.0,0.0
2016.12.07 21:03:09,22.1,19.9,0.0,0.0,0.0,22.0,0.0,0.0
2016.12.07 21:03:10,22.1,19.9,0.0,0.0,0.0,22.0,0.0,0.0
2016.12.07 21:03:11,22.1,19.9,0.0,0.0,0.0,22.0,0.0,0.0
2016.12.07 21:03:12,22.1,19.9,0.0,0.0,0.0,22.0,0.0,0.0
2016.12.07 21:03:13,22.1,19.9,0.0,0.0,0.0,22.0,0.0,0.0
2016.12.07 21:03:14,22.1,19.9,0.0,0.0,0.0,22.0,0.0,0.0
2016.12.07 21:03:15,22.1,19.9,0.0,0.0,0.0,22.0,0.0,0.0
2016.12.07 21:03:16,22.1,19.9,0.0,0.0,0.0,22.0,0.0,0.0
2016.12.07 21:03:17,22.1,19.9,0.0,0.0,0.0,22.0,0.0,0.0
2016.12.07 21:03:19,22.1,19.9,0.0,0.0,0.0,22.0,0.0,0.0
2016.12.07 21:03:20,22.1,19.9,0.0,0.0,0.0,22.0,0.0,0.0
2016.12.07 21:03:21,22.1,19.9,0.0,0.0,0.0,22.0,0.0,0.0
2016.12.07 21:03:22,22.1,19.9,0.0,0.0,0.0,22.0,0.0,0.0
2016.12.07 21:03:23,22.1,19.9,0.0,0.0,0.0,22.0,0.0,0.0
2016.12.07 21:03:24,22.1,19.9,0.0,0.0,0.0,22.0,0.0,0.0
2016.12.07 21:03:25,22.1,19.9,0.0,0.0,0.0,22.0,0.0,0.0
2016.12.07 21:03:26,22.1,19.9,0.0,0.0,0.0,22.0,0.0,0.0
2016.12.07 21:03:27,22.1,19.9,0.0,0.0,0.0,22.0,0.0,0.0
2016.12.07 21:03:28,22.1,19.9,0.0,0.0,0.0,22.0,0.0,0.0
2016.12.07 21:03:29,22.1,19.9,0.0,0.0,0.0,22.0,0.0,0.0
2016.12.07 21:03:30,22.1,19.9,0.0,0.0,0.0,22.0,0.0,0.0
2016.12.07 21:03:31,22.0,19.9,0.0,0.0,0.0,22.0,0.0,0.0
2016.12.07 21:03:32,22.0,19.9,0.0,0.0,0.0,22.0,0.0,0.0
2016.12.07 21:03:33,22.0,19.8,0.0,0.0,0.0,22.0,0.0,0.0
2016.12.07 21:03:34,22.0,19.8,0.0,0.0,0.0,22.0,0.0,0.0
2016.12.07 21:03:35,22.0,19.8,0.0,0.0,0.0,22.0,0.0,0.0
2016.12.07 21:03:36,22.0,19.8,0.0,0.0,0.0,22.0,0.0,0.0
2016.12.07 21:03:37,22.0,19.8,0.0,0.0,0.0,22.0,0.0,0.0
2016.12.07 21:03:38,22.0,19.8,0.0,0.0,0.0,22.0,0.0,0.0
2016.12.07 21:03:39,22.0,19.8,0.0,0.0,0.0,22.0,0.0,0.0
2016.12.07 21:03:41,22.0,19.8,0.0,0.0,0.0,22.0,0.0,0.0
2016.12.07 21:03:42,22.0,19.8,0.0,0.0,0.0,22.0,0.0,0.0
2016.12.07 21:03:43,22.0,19.8,0.0,0.0,0.0,22.0,0.0,0.0
2016.12.07 21:03:44,22.0,19.8,0.0,0.0,0.0,22.0,0.0,0.0
2016.12.07 21:03:45,22.0,19.8,0.0,0.0,0.0,22.0,0.0,0.0
2016.12.07 21:03:46,22.0,19.8,0.0,0.0,0.0,22.0,0.0,0.0
2016.12.07 21:03:47,22.0,19.8,0.0,0.0,0.0,22.0,0.0,0.0
2016.12.07 21:03:48,22.0,19.8,0.0,0.0,0.0,22.0,0.0,0.0
2016.12.07 21:03:49,22.0,19.8,0.0,0.0,0.0,22.0,0.0,0.0
2016.12.07 21:03:50,22.0,19.8,0.0,0.0,0.0,22.0,0.0,0.0
2016.12.07 21:03:51,22.0,19.8,0.0,0.0,0.0,22.0,0.0,0.0
2016.12.07 21:03:52,22.0,19.8,0.0,0.0,0.0,22.0,0.0,0.0
2016.12.07 21:03:53,22.0,19.8,0.0,0.0,0.0,22.0,0.0,0.0
2016.12.07 21:03:54,22.0,19.8,0.0,0.0,0.0,22.0,0.0,0.0
2016.12.07 21:03:55,22.0,19.8,0.0,0.0,0.0,22.0,0.0,0.0
2016.12.07 21:09:24,22.0,19.0,0.0,0.0,0.0,22.0,0.0,0.0
