DateTimeStamp,actHumidityOutdoor,actTempOutdoor,rainHourly,relativePressure,solarRadiation,uvRadiation,uvRadiationIndex,windDirection,windSpeed
2016.04.06 20:29:59,0.0,0.0,0.0,0.0,0.0,0.0,0.0,0.0,0.0
2016.04.06 20:30:00,0.0,0.0,0.0,0.0,0.0,0.0,0.0,0.0,0.0
2016.04.06 20:30:01,97.0,7.4,0.0,1006.7,0.0,2.0,0.0,97.0,0.0
2016.04.06 20:30:02,97.0,7.4,0.0,1006.7,0.0,2.0,0.0,97.0,0.0
2016.04.06 20:30:03,97.0,7.4,0.0,1006.7,0.0,2.0,0.0,97.0,0.0
2016.04.06 20:30:04,97.0,7.4,0.0,1006.7,0.0,2.0,0.0,97.0,0.0
2016.04.06 20:30:05,97.0,7.4,0.0,1006.7,0.0,2.0,0.0,97.0,0.0
2016.04.06 20:30:06,97.0,7.4,0.0,1006.7,0.0,2.0,0.0,97.0,0.0
2016.04.06 20:30:07,97.0,7.4,0.0,1006.7,0.0,2.0,0.0,97.0,0.0
2016.04.06 20:30:09,97.0,7.4,0.0,1006.7,0.0,2.0,0.0,97.0,0.0
2016.04.06 20:30:10,97.0,7.4,0.0,1006.7,0.0,2.0,0.0,97.0,0.0
2016.04.06 20:30:11,97.0,7.4,0.0,1006.7,0.0,2.0,0.0,97.0,0.0
2016.04.06 20:30:12,97.0,7.4,0.0,1006.7,0.0,2.0,0.0,97.0,0.0
2016.04.06 20:30:13,97.0,7.4,0.0,1006.7,0.0,2.0,0.0,97.0,0.0
2016.04.06 20:30:14,97.0,7.4,0.0,1006.7,0.0,2.0,0.0,97.0,0.0
2016.04.06 20:30:15,97.0,7.4,0.0,1006.7,0.0,2.0,0.0,97.0,0.0
2016.04.06 20:30:16,97.0,7.4,0.0,1006.7,0.0,2.0,0.0,97.0,0.0
2016.04.06 20:30:17,97.0,7.4,0.0,1006.7,0.0,2.0,0.0,97.0,0.0
2016.04.06 20:30:18,97.0,7.4,0.0,1006.7,0.0,2.0,0.0,97.0,0.0
2016.04.06 20:30:19,97.0,7.4,0.0,1006.7,0.0,2.0,0.0,97.0,0.0
2016.04.06 20:30:20,97.0,7.4,0.0,1006.7,0.0,2.0,0.0,97.0,0.0
2016.04.06 20:30:21,97.0,7.4,0.0,1006.7,0.0,2.0,0.0,97.0,0.0
2016.04.06 20:30:22,97.0,7.4,0.0,1006.7,0.0,2.0,0.0,97.0,0.0
2016.04.06 20:30:23,97.0,7.4,0.0,1006.7,0.0,2.0,0.0,97.0,0.0
2016.04.06 20:30:25,97.0,7.4,0.0,1006.7,0.0,2.0,0.0,97.0,0.0
2016.04.06 20:30:26,97.0,7.4,0.0,1006.7,0.0,2.0,0.0,97.0,0.0
2016.04.06 20:30:27,97.0,7.4,0.0,1006.7,0.0,2.0,0.0,97.0,0.0
2016.04.06 20:30:28,97.0,7.4,0.0,1006.7,0.0,2.0,0.0,97.0,0.0
2016.04.06 20:30:29,97.0,7.4,0.0,1006.7,0.0,2.0,0.0,97.0,0.0
2016.04.06 20:30:30,97.0,7.4,0.0,1006.7,0.0,2.0,0.0,97.0,0.0
2016.04.06 20:30:31,97.0,7.4,0.0,1006.7,0.0,2.0,0.0,97.0,0.0
2016.04.06 20:30:32,97.0,7.4,0.0,1006.7,0.0,2.0,0.0,97.0,0.0
2016.04.06 20:30:33,97.0,7.4,0.0,1006.7,0.0,2.0,0.0,97.0,0.0
2016.04.06 20:30:34,97.0,7.4,0.0,1006.7,0.0,2.0,0.0,97.0,0.0
2016.04.06 20:30:35,97.0,7.4,0.0,1006.7,0.0,2.0,0.0,97.0,0.0
2016.04.06 20:30:36,97.0,7.4,0.0,1006.7,0.0,2.0,0.0,97.0,0.0
2016.04.06 20:30:37,97.0,7.4,0.0,1006.7,0.0,2.0,0.0,97.0,0.0
2016.04.06 20:30:38,97.0,7.4,0.0,1006.7,0.0,2.0,0.0,97.0,0.0
2016.04.06 20:30:39,97.0,7.4,0.0,1006.7,0.0,2.0,0.0,97.0,0.0
2016.04.06 20:30:40,97.0,7.4,0.0,1006.7,0.0,2.0,0.0,97.0,0.0
2016.04.06 20:30:41,97.0,7.4,0.0,1006.7,0.0,2.0,0.0,97.0,0.0
2016.04.06 20:30:43,97.0,7.4,0.0,1006.7,0.0,2.0,0.0,97.0,0.0
2016.04.06 20:30:44,97.0,7.4,0.0,1006.7,0.0,2.0,0.0,97.0,0.0
2016.04.06 20:30:45,97.0,7.4,0.0,1006.7,0.0,2.0,0.0,97.0,0.0
2016.04.06 20:30:46,97.0,7.4,0.0,1006.7,0.0,2.0,0.0,97.0,0.0
2016.04.06 20:30:47,97.0,7.4,0.0,1006.7,0.0,2.0,0.0,97.0,0.0
2016.04.06 20:30:48,97.0,7.4,0.0,1006.7,0.0,2.0,0.0,97.0,0.0
2016.04.06 20:30:49,97.0,7.4,0.0,1006.7,0.0,2.0,0.0,97.0,0.0
2016.04.06 20:30:50,97.0,7.4,0.0,1006.7,0.0,2.0,0.0,97.0,0.0
2016.04.06 20:30:51,97.0,7.4,0.0,1006.7,0.0,2.0,0.0,97.0,0.0
2016.04.06 20:30:52,97.0,7.4,0.0,1006.7,0.0,2.0,0.0,97.0,0.0
2016.04.06 20:30:53,97.0,7.4,0.0,1006.7,0.0,2.0,0.0,97.0,0.0
2016.04.06 20:30:54,97.0,7.4,0.0,1006.7,0.0,2.0,0.0,97.0,0.0
2016.04.06 20:30:55,97.0,7.4,0.0,1006.7,0.0,2.0,0.0,97.0,0.0
2016.04.06 20:30:56,97.0,7.4,0.0,1006.7,0.0,2.0,0.0,97.0,0.0
2016.04.06 20:30:57,97.0,7.4,0.0,1006.7,0.0,2.0,0.0,97.0,0.0
2016.04.06 20:30:58,97.0,7.4,0.0,1006.7,0.0,2.0,0.0,97.0,0.0
2016.04.06 20:30:59,97.0,7.4,0.0,1006.7,0.0,2.0,0.0,97.0,0.0
2016.04.06 20:31:00,97.0,7.4,0.0,1006.7,0.0,2.0,0.0,97.0,0.0
2016.04.06 20:31:01,97.0,7.4,0.0,1006.7,0.0,2.0,0.0,97.0,0.0
2016.04.06 20:31:03,97.0,7.4,0.0,1006.6,0.0,2.0,0.0,97.0,0.0
2016.04.06 20:31:04,97.0,7.4,0.0,1006.6,0.0,2.0,0.0,97.0,0.0
2016.04.06 20:31:05,97.0,7.4,0.0,1006.6,0.0,2.0,0.0,97.0,0.0
2016.04.06 20:31:06,97.0,7.4,0.0,1006.6,0.0,2.0,0.0,97.0,0.0
2016.04.06 20:31:07,97.0,7.4,0.0,1006.6,0.0,2.0,0.0,97.0,0.0
2016.04.06 20:31:08,97.0,7.4,0.0,1006.6,0.0,2.0,0.0,97.0,0.0
2016.04.06 20:31:09,97.0,7.4,0.0,1006.6,0.0,2.0,0.0,97.0,0.0
2016.04.06 20:31:10,97.0,7.4,0.0,1006.6,0.0,2.0,0.0,97.0,0.0
2016.04.06 20:31:11,97.0,7.4,0.0,1006.6,0.0,2.0,0.0,97.0,0.0
2016.04.06 20:31:12,97.0,7.4,0.0,1006.6,0.0,2.0,0.0,97.0,0.0
2016.04.06 20:31:13,97.0,7.4,0.0,1006.6,0.0,2.0,0.0,97.0,0.0
2016.04.06 20:31:14,97.0,7.4,0.0,1006.6,0.0,2.0,0.0,97.0,0.0
2016.04.06 20:31:15,97.0,7.4,0.0,1006.6,0.0,2.0,0.0,97.0,0.0
2016.04.06 20:31:16,97.0,7.4,0.0,1006.6,0.0,2.0,0.0,97.0,0.0
2016.04.06 20:31:17,97.0,7.4,0.0,1006.6,0.0,2.0,0.0,97.0,0.0
2016.04.06 20:31:18,97.0,7.4,0.0,1006.6,0.0,2.0,0.0,97.0,0.0
2016.04.06 20:31:19,97.0,7.4,0.0,1006.6,0.0,2.0,0.0,97.0,0.0
2016.04.06 20:31:21,97.0,7.4,0.0,1006.6,0.0,2.0,0.0,97.0,0.0
2016.04.06 20:31:22,97.0,7.4,0.0,1006.6,0.0,2.0,0.0,97.0,0.0
2016.04.06 20:31:23,97.0,7.4,0.0,1006.6,0.0,2.0,0.0,97.0,0.0
2016.04.06 20:31:24,97.0,7.4,0.0,1006.6,0.0,2.0,0.0,97.0,0.0
2016.04.06 20:31:25,97.0,7.4,0.0,1006.6,0.0,2.0,0.0,97.0,0.0
2016.04.06 20:31:26,97.0,7.4,0.0,1006.6,0.0,2.0,0.0,97.0,0.0
2016.04.06 20:31:27,97.0,7.4,0.0,1006.6,0.0,2.0,0.0,97.0,0.0
2016.04.06 20:31:28,97.0,7.4,0.0,1006.6,0.0,2.0,0.0,97.0,0.0
2016.04.06 20:31:29,97.0,7.4,0.0,1006.6,0.0,2.0,0.0,97.0,0.0
2016.04.06 20:31:30,97.0,7.4,0.0,1006.6,0.0,2.0,0.0,97.0,0.0
2016.04.06 20:31:31,97.0,7.4,0.0,1006.6,0.0,2.0,0.0,97.0,0.0
2016.04.06 20:31:32,97.0,7.4,0.0,1006.6,0.0,2.0,0.0,97.0,0.0
2016.04.06 20:31:33,97.0,7.4,0.0,1006.6,0.0,2.0,0.0,97.0,0.0
2016.04.06 20:31:34,97.0,7.4,0.0,1006.6,0.0,2.0,0.0,97.0,0.0
2016.04.06 20:31:35,97.0,7.4,0.0,1006.6,0.0,2.0,0.0,97.0,0.0
2016.04.06 20:31:36,97.0,7.4,0.0,1006.6,0.0,2.0,0.0,97.0,0.0
2016.04.06 20:31:37,97.0,7.4,0.0,1006.6,0.0,2.0,0.0,97.0,0.0
2016.04.06 20:31:39,97.0,7.4,0.0,1006.6,0.0,2.0,0.0,97.0,0.0
2016.04.06 20:31:40,97.0,7.4,0.0,1006.6,0.0,2.0,0.0,97.0,0.0
2016.04.06 20:31:41,97.0,7.4,0.0,1006.6,0.0,2.0,0.0,97.0,0.0
2016.04.06 20:31:42,97.0,7.4,0.0,1006.6,0.0,2.0,0.0,97.0,0.0
2016.04.06 20:31:43,97.0,7.4,0.0,1006.6,0.0,2.0,0.0,97.0,0.0
2016.04.06 20:31:44,97.0,7.4,0.0,1006.6,0.0,2.0,0.0,97.0,0.0
2016.04.06 20:31:45,97.0,7.4,0.0,1006.6,0.0,2.0,0.0,97.0,0.0
2016.04.06 20:31:46,97.0,7.4,0.0,1006.6,0.0,2.0,0.0,97.0,0.0
2016.04.06 20:31:47,97.0,7.4,0.0,1006.6,0.0,2.0,0.0,97.0,0.0
2016.04.06 20:31:48,97.0,7.4,0.0,1006.6,0.0,2.0,0.0,97.0,0.0
2016.04.06 20:31:49,97.0,7.4,0.0,1006.6,0.0,2.0,0.0,97.0,0.0
2016.04.06 20:31:50,97.0,7.4,0.0,1006.6,0.0,2.0,0.0,97.0,0.0
2016.04.06 20:31:51,97.0,7.4,0.0,1006.6,0.0,2.0,0.0,97.0,0.0
2016.04.06 20:31:53,97.0,7.4,0.0,1006.6,0.0,2.0,0.0,97.0,0.0
2016.04.06 20:31:54,97.0,7.4,0.0,1006.6,0.0,2.0,0.0,97.0,0.0
2016.04.06 20:31:55,97.0,7.4,0.0,1006.6,0.0,2.0,0.0,97.0,0.0
2016.04.06 20:31:56,97.0,7.4,0.0,1006.6,0.0,2.0,0.0,97.0,0.0
2016.04.06 20:31:57,97.0,7.4,0.0,1006.6,0.0,2.0,0.0,97.0,0.0
2016.04.06 20:31:58,97.0,7.4,0.0,1006.6,0.0,2.0,0.0,97.0,0.0
2016.04.06 20:31:59,97.0,7.4,0.0,1006.6,0.0,2.0,0.0,97.0,0.0
2016.04.06 20:32:00,97.0,7.4,0.0,1006.6,0.0,2.0,0.0,97.0,0.0
2016.04.06 20:32:01,97.0,7.4,0.0,1006.7,0.0,2.0,0.0,97.0,0.0
2016.04.06 20:32:02,97.0,7.4,0.0,1006.7,0.0,2.0,0.0,97.0,0.0
2016.04.06 20:32:03,97.0,7.4,0.0,1006.7,0.0,2.0,0.0,97.0,0.0
2016.04.06 20:32:04,97.0,7.4,0.0,1006.7,0.0,2.0,0.0,97.0,0.0
2016.04.06 20:32:05,97.0,7.4,0.0,1006.7,0.0,2.0,0.0,97.0,0.0
2016.04.06 20:32:06,97.0,7.4,0.0,1006.7,0.0,2.0,0.0,97.0,0.0
2016.04.06 20:32:07,97.0,7.4,0.0,1006.7,0.0,2.0,0.0,97.0,0.0
2016.04.06 20:32:08,97.0,7.4,0.0,1006.7,0.0,2.0,0.0,97.0,0.0
2016.04.06 20:32:09,97.0,7.4,0.0,1006.7,0.0,2.0,0.0,97.0,0.0
2016.04.06 20:32:10,97.0,7.4,0.0,1006.7,0.0,2.0,0.0,97.0,0.0
2016.04.06 20:32:11,97.0,7.4,0.0,1006.7,0.0,2.0,0.0,97.0,0.0
2016.04.06 20:32:13,97.0,7.4,0.0,1006.7,0.0,2.0,0.0,97.0,0.0
2016.04.06 20:32:14,97.0,7.4,0.0,1006.7,0.0,2.0,0.0,97.0,0.0
2016.04.06 20:32:15,97.0,7.4,0.0,1006.7,0.0,2.0,0.0,97.0,0.0
2016.04.06 20:32:16,97.0,7.4,0.0,1006.7,0.0,2.0,0.0,97.0,0.0
2016.04.06 20:32:17,97.0,7.4,0.0,1006.7,0.0,2.0,0.0,97.0,0.0
2016.04.06 20:32:18,97.0,7.4,0.0,1006.7,0.0,2.0,0.0,97.0,0.0
2016.04.06 20:32:19,97.0,7.4,0.0,1006.7,0.0,2.0,0.0,97.0,0.0
2016.04.06 20:32:20,97.0,7.4,0.0,1006.7,0.0,2.0,0.0,97.0,0.0
2016.04.06 20:32:21,97.0,7.4,0.0,1006.7,0.0,2.0,0.0,97.0,0.0
2016.04.06 20:32:22,97.0,7.4,0.0,1006.7,0.0,2.0,0.0,97.0,0.0
2016.04.06 20:32:23,97.0,7.4,0.0,1006.7,0.0,2.0,0.0,97.0,0.0
2016.04.06 20:32:24,97.0,7.4,0.0,1006.7,0.0,2.0,0.0,97.0,0.0
2016.04.06 20:32:25,97.0,7.4,0.0,1006.7,0.0,2.0,0.0,97.0,0.0
2016.04.06 20:32:26,97.0,7.4,0.0,1006.7,0.0,2.0,0.0,97.0,0.0
2016.04.06 20:32:27,97.0,7.4,0.0,1006.7,0.0,2.0,0.0,97.0,0.0
2016.04.06 20:32:28,97.0,7.4,0.0,1006.7,0.0,2.0,0.0,97.0,0.0
2016.04.06 20:32:29,97.0,7.4,0.0,1006.7,0.0,2.0,0.0,97.0,0.0
2016.04.06 20:32:30,97.0,7.4,0.0,1006.7,0.0,2.0,0.0,97.0,0.0
2016.04.06 20:32:31,97.0,7.4,0.0,1006.7,0.0,2.0,0.0,97.0,0.0
2016.04.06 20:32:32,97.0,7.4,0.0,1006.7,0.0,2.0,0.0,97.0,0.0
2016.04.06 20:32:33,97.0,7.4,0.0,1006.7,0.0,2.0,0.0,97.0,0.0
2016.04.06 20:32:35,97.0,7.4,0.0,1006.7,0.0,2.0,0.0,97.0,0.0
2016.04.06 20:32:36,97.0,7.4,0.0,1006.7,0.0,2.0,0.0,97.0,0.0
2016.04.06 20:32:37,97.0,7.4,0.0,1006.7,0.0,2.0,0.0,97.0,0.0
2016.04.06 20:32:38,97.0,7.4,0.0,1006.7,0.0,2.0,0.0,97.0,0.0
2016.04.06 20:32:39,97.0,7.4,0.0,1006.7,0.0,2.0,0.0,97.0,0.0
2016.04.06 20:32:40,97.0,7.4,0.0,1006.7,0.0,2.0,0.0,97.0,0.0
2016.04.06 20:32:41,97.0,7.4,0.0,1006.7,0.0,2.0,0.0,97.0,0.0
2016.04.06 20:32:42,97.0,7.4,0.0,1006.7,0.0,2.0,0.0,97.0,0.0
2016.04.06 20:32:43,97.0,7.4,0.0,1006.7,0.0,2.0,0.0,97.0,0.0
2016.04.06 20:32:44,97.0,7.4,0.0,1006.7,0.0,2.0,0.0,97.0,0.0
2016.04.06 20:32:45,97.0,7.4,0.0,1006.7,0.0,2.0,0.0,97.0,0.0
2016.04.06 20:32:46,97.0,7.4,0.0,1006.7,0.0,2.0,0.0,97.0,0.0
2016.04.06 20:32:47,97.0,7.4,0.0,1006.7,0.0,2.0,0.0,97.0,0.0
2016.04.06 20:32:48,97.0,7.4,0.0,1006.7,0.0,2.0,0.0,97.0,0.0
2016.04.06 20:32:49,97.0,7.4,0.0,1006.7,0.0,2.0,0.0,97.0,0.0
2016.04.06 20:32:51,97.0,7.4,0.0,1006.7,0.0,2.0,0.0,97.0,0.0
2016.04.06 20:32:52,97.0,7.4,0.0,1006.7,0.0,2.0,0.0,97.0,0.0
2016.04.06 20:32:53,97.0,7.4,0.0,1006.7,0.0,2.0,0.0,97.0,0.0
2016.04.06 20:32:54,97.0,7.4,0.0,1006.7,0.0,2.0,0.0,97.0,0.0
2016.04.06 20:32:55,97.0,7.4,0.0,1006.7,0.0,2.0,0.0,97.0,0.0
2016.04.06 20:32:56,97.0,7.4,0.0,1006.7,0.0,2.0,0.0,97.0,0.0
2016.04.06 20:32:57,97.0,7.4,0.0,1006.7,0.0,2.0,0.0,97.0,0.0
2016.04.06 20:32:58,97.0,7.4,0.0,1006.7,0.0,2.0,0.0,97.0,0.0
2016.04.06 20:32:59,97.0,7.4,0.0,1006.7,0.0,2.0,0.0,97.0,0.0
2016.04.06 20:33:00,97.0,7.4,0.0,1006.7,0.0,2.0,0.0,97.0,0.0
2016.04.06 20:33:01,97.0,7.4,0.0,1006.7,0.0,2.0,0.0,97.0,0.0
2016.04.06 20:33:02,97.0,7.4,0.0,1006.7,0.0,2.0,0.0,97.0,0.0
2016.04.06 20:33:03,97.0,7.4,0.0,1006.7,0.0,2.0,0.0,97.0,0.0
2016.04.06 20:33:04,97.0,7.4,0.0,1006.7,0.0,2.0,0.0,97.0,0.0
2016.04.06 20:33:05,97.0,7.4,0.0,1006.7,0.0,2.0,0.0,97.0,0.0
2016.04.06 20:33:06,97.0,7.4,0.0,1006.7,0.0,2.0,0.0,97.0,0.0
2016.04.06 20:33:07,97.0,7.4,0.0,1006.7,0.0,2.0,0.0,97.0,0.0
2016.04.06 20:33:08,97.0,7.4,0.0,1006.7,0.0,2.0,0.0,97.0,0.0
2016.04.06 20:33:09,97.0,7.4,0.0,1006.7,0.0,2.0,0.0,97.0,0.0
2016.04.06 20:33:10,97.0,7.4,0.0,1006.7,0.0,2.0,0.0,97.0,0.0
2016.04.06 20:33:11,97.0,7.4,0.0,1006.7,0.0,2.0,0.0,97.0,0.0
2016.04.06 20:33:12,97.0,7.4,0.0,1006.7,0.0,2.0,0.0,97.0,0.0
2016.04.06 20:33:14,97.0,7.4,0.0,1006.7,0.0,2.0,0.0,97.0,0.0
2016.04.06 20:33:15,97.0,7.4,0.0,1006.7,0.0,2.0,0.0,97.0,0.0
2016.04.06 20:33:16,97.0,7.4,0.0,1006.7,0.0,2.0,0.0,97.0,0.0
2016.04.06 20:33:17,97.0,7.4,0.0,1006.7,0.0,2.0,0.0,97.0,0.0
2016.04.06 20:33:18,97.0,7.4,0.0,1006.7,0.0,2.0,0.0,97.0,0.0
2016.04.06 20:33:19,97.0,7.4,0.0,1006.7,0.0,2.0,0.0,97.0,0.0
2016.04.06 20:33:20,97.0,7.4,0.0,1006.7,0.0,2.0,0.0,97.0,0.0
2016.04.06 20:33:21,97.0,7.4,0.0,1006.7,0.0,2.0,0.0,97.0,0.0
2016.04.06 20:33:22,97.0,7.4,0.0,1006.7,0.0,2.0,0.0,97.0,0.0
2016.04.06 20:33:23,97.0,7.4,0.0,1006.7,0.0,2.0,0.0,97.0,0.0
2016.04.06 20:33:24,97.0,7.4,0.0,1006.7,0.0,2.0,0.0,97.0,0.0
2016.04.06 20:33:25,97.0,7.4,0.0,1006.7,0.0,2.0,0.0,97.0,0.0
2016.04.06 20:33:26,97.0,7.4,0.0,1006.7,0.0,2.0,0.0,97.0,0.0
2016.04.06 20:33:27,97.0,7.4,0.0,1006.7,0.0,2.0,0.0,97.0,0.0
2016.04.06 20:33:28,97.0,7.4,0.0,1006.7,0.0,2.0,0.0,97.0,0.0
2016.04.06 20:33:30,97.0,7.4,0.0,1006.7,0.0,2.0,0.0,97.0,0.0
2016.04.06 20:33:31,97.0,7.4,0.0,1006.7,0.0,2.0,0.0,97.0,0.0
2016.04.06 20:33:32,97.0,7.4,0.0,1006.7,0.0,2.0,0.0,97.0,0.0
2016.04.06 20:33:33,97.0,7.4,0.0,1006.7,0.0,2.0,0.0,97.0,0.0
2016.04.06 20:33:34,97.0,7.4,0.0,1006.7,0.0,2.0,0.0,97.0,0.0
2016.04.06 20:33:35,97.0,7.4,0.0,1006.7,0.0,2.0,0.0,97.0,0.0
2016.04.06 20:33:36,97.0,7.4,0.0,1006.7,0.0,2.0,0.0,97.0,0.0
2016.04.06 20:33:37,97.0,7.4,0.0,1006.7,0.0,2.0,0.0,97.0,0.0
2016.04.06 20:33:38,97.0,7.4,0.0,1006.7,0.0,2.0,0.0,97.0,0.0
2016.04.06 20:33:39,97.0,7.4,0.0,1006.7,0.0,2.0,0.0,97.0,0.0
2016.04.06 20:33:40,97.0,7.4,0.0,1006.7,0.0,2.0,0.0,97.0,0.0
2016.04.06 20:33:41,97.0,7.4,0.0,1006.7,0.0,2.0,0.0,97.0,0.0
2016.04.06 20:33:43,97.0,7.4,0.0,1006.7,0.0,2.0,0.0,97.0,0.0
2016.04.06 20:33:44,97.0,7.4,0.0,1006.7,0.0,2.0,0.0,97.0,0.0
2016.04.06 20:33:45,97.0,7.4,0.0,1006.7,0.0,2.0,0.0,97.0,0.0
2016.04.06 20:33:46,97.0,7.4,0.0,1006.7,0.0,2.0,0.0,97.0,0.0
2016.04.06 20:33:47,97.0,7.4,0.0,1006.7,0.0,2.0,0.0,97.0,0.0
2016.04.06 20:33:48,97.0,7.4,0.0,1006.7,0.0,2.0,0.0,97.0,0.0
2016.04.06 20:33:49,97.0,7.4,0.0,1006.7,0.0,2.0,0.0,97.0,0.0
2016.04.06 20:33:50,97.0,7.4,0.0,1006.7,0.0,2.0,0.0,97.0,0.0
2016.04.06 20:33:51,97.0,7.4,0.0,1006.7,0.0,2.0,0.0,97.0,0.0
2016.04.06 20:33:52,97.0,7.4,0.0,1006.7,0.0,2.0,0.0,97.0,0.0
2016.04.06 20:33:53,97.0,7.4,0.0,1006.7,0.0,2.0,0.0,97.0,0.0
2016.04.06 20:33:54,97.0,7.4,0.0,1006.7,0.0,2.0,0.0,97.0,0.0
2016.04.06 20:33:56,97.0,7.4,0.0,1006.7,0.0,2.0,0.0,97.0,0.0
2016.04.06 20:33:57,97.0,7.4,0.0,1006.7,0.0,2.0,0.0,97.0,0.0
2016.04.06 20:33:58,97.0,7.4,0.0,1006.7,0.0,2.0,0.0,97.0,0.0
2016.04.06 20:33:59,97.0,7.4,0.0,1006.7,0.0,2.0,0.0,97.0,0.0
2016.04.06 20:34:00,97.0,7.4,0.0,1006.7,0.0,2.0,0.0,97.0,0.0
2016.04.06 20:34:01,97.0,7.4,0.0,1006.5,0.0,2.0,0.0,97.0,0.0
2016.04.06 20:34:02,97.0,7.4,0.0,1006.5,0.0,2.0,0.0,97.0,0.0
2016.04.06 20:34:03,97.0,7.4,0.0,1006.5,0.0,2.0,0.0,97.0,0.0
2016.04.06 20:34:04,97.0,7.4,0.0,1006.5,0.0,2.0,0.0,97.0,0.0
2016.04.06 20:34:05,97.0,7.4,0.0,1006.5,0.0,2.0,0.0,97.0,0.0
2016.04.06 20:34:06,97.0,7.4,0.0,1006.5,0.0,2.0,0.0,97.0,0.0
2016.04.06 20:34:07,97.0,7.4,0.0,1006.5,0.0,2.0,0.0,97.0,0.0
2016.04.06 20:34:08,97.0,7.4,0.0,1006.5,0.0,2.0,0.0,97.0,0.0
2016.04.06 20:34:09,97.0,7.4,0.0,1006.5,0.0,2.0,0.0,97.0,0.0
2016.04.06 20:34:10,97.0,7.4,0.0,1006.5,0.0,2.0,0.0,97.0,0.0
2016.04.06 20:34:11,97.0,7.4,0.0,1006.5,0.0,2.0,0.0,97.0,0.0
2016.04.06 20:34:12,97.0,7.4,0.0,1006.5,0.0,2.0,0.0,97.0,0.0
2016.04.06 20:34:13,97.0,7.4,0.0,1006.5,0.0,2.0,0.0,97.0,0.0
2016.04.06 20:34:14,97.0,7.4,0.0,1006.5,0.0,2.0,0.0,97.0,0.0
2016.04.06 20:34:15,97.0,7.4,0.0,1006.5,0.0,2.0,0.0,97.0,0.0
2016.04.06 20:34:17,97.0,7.4,0.0,1006.5,0.0,2.0,0.0,97.0,0.0
2016.04.06 20:34:18,97.0,7.4,0.0,1006.5,0.0,2.0,0.0,97.0,0.0
2016.04.06 20:34:19,97.0,7.4,0.0,1006.5,0.0,2.0,0.0,97.0,0.0
2016.04.06 20:34:20,97.0,7.4,0.0,1006.5,0.0,2.0,0.0,97.0,0.0
2016.04.06 20:34:21,97.0,7.4,0.0,1006.5,0.0,2.0,0.0,97.0,0.0
2016.04.06 20:34:22,97.0,7.4,0.0,1006.5,0.0,2.0,0.0,97.0,0.0
2016.04.06 20:34:23,97.0,7.4,0.0,1006.5,0.0,2.0,0.0,97.0,0.0
2016.04.06 20:34:24,97.0,7.4,0.0,1006.5,0.0,2.0,0.0,97.0,0.0
2016.04.06 20:34:25,97.0,7.4,0.0,1006.5,0.0,2.0,0.0,97.0,0.0
2016.04.06 20:34:26,97.0,7.4,0.0,1006.5,0.0,2.0,0.0,97.0,0.0
2016.04.06 20:34:27,97.0,7.4,0.0,1006.5,0.0,2.0,0.0,97.0,0.0
2016.04.06 20:34:28,97.0,7.4,0.0,1006.5,0.0,2.0,0.0,97.0,0.0
2016.04.06 20:34:29,97.0,7.4,0.0,1006.5,0.0,2.0,0.0,97.0,0.0
2016.04.06 20:34:30,97.0,7.4,0.0,1006.5,0.0,2.0,0.0,97.0,0.0
2016.04.06 20:34:31,97.0,7.4,0.0,1006.5,0.0,2.0,0.0,97.0,0.0
2016.04.06 20:34:33,97.0,7.4,0.0,1006.5,0.0,2.0,0.0,97.0,0.0
2016.04.06 20:34:34,97.0,7.4,0.0,1006.5,0.0,2.0,0.0,97.0,0.0
2016.04.06 20:34:35,97.0,7.4,0.0,1006.5,0.0,2.0,0.0,97.0,0.0
2016.04.06 20:34:36,97.0,7.4,0.0,1006.5,0.0,2.0,0.0,97.0,0.0
2016.04.06 20:34:37,97.0,7.4,0.0,1006.5,0.0,2.0,0.0,97.0,0.0
2016.04.06 20:34:38,97.0,7.4,0.0,1006.5,0.0,2.0,0.0,97.0,0.0
2016.04.06 20:34:39,97.0,7.4,0.0,1006.5,0.0,2.0,0.0,97.0,0.0
2016.04.06 20:34:40,97.0,7.4,0.0,1006.5,0.0,2.0,0.0,97.0,0.0
2016.04.06 20:34:41,97.0,7.4,0.0,1006.5,0.0,2.0,0.0,97.0,0.0
2016.04.06 20:34:42,97.0,7.4,0.0,1006.5,0.0,2.0,0.0,97.0,0.0
2016.04.06 20:34:43,97.0,7.4,0.0,1006.5,0.0,2.0,0.0,97.0,0.0
2016.04.06 20:34:44,97.0,7.4,0.0,1006.5,0.0,2.0,0.0,97.0,0.0
2016.04.06 20:34:45,97.0,7.4,0.0,1006.5,0.0,2.0,0.0,97.0,0.0
2016.04.06 20:34:46,97.0,7.4,0.0,1006.5,0.0,2.0,0.0,97.0,0.0
2016.04.06 20:34:47,97.0,7.4,0.0,1006.5,0.0,2.0,0.0,97.0,0.0
2016.04.06 20:34:48,97.0,7.4,0.0,1006.5,0.0,2.0,0.0,97.0,0.0
2016.04.06 20:34:49,97.0,7.4,0.0,1006.5,0.0,2.0,0.0,97.0,0.0
2016.04.06 20:34:50,97.0,7.4,0.0,1006.5,0.0,2.0,0.0,97.0,0.0
2016.04.06 20:34:51,97.0,7.4,0.0,1006.5,0.0,2.0,0.0,97.0,0.0
2016.04.06 20:34:53,97.0,7.4,0.0,1006.5,0.0,2.0,0.0,97.0,0.0
2016.04.06 20:34:54,97.0,7.4,0.0,1006.5,0.0,2.0,0.0,97.0,0.0
2016.04.06 20:34:55,97.0,7.4,0.0,1006.5,0.0,2.0,0.0,97.0,0.0
2016.04.06 20:34:56,97.0,7.4,0.0,1006.5,0.0,2.0,0.0,97.0,0.0
2016.04.06 20:34:57,97.0,7.4,0.0,1006.5,0.0,2.0,0.0,97.0,0.0
2016.04.06 20:34:58,97.0,7.4,0.0,1006.5,0.0,2.0,0.0,97.0,0.0
2016.04.06 20:34:59,97.0,7.4,0.0,1006.5,0.0,2.0,0.0,97.0,0.0
2016.04.06 20:35:00,97.0,7.4,0.0,1006.5,0.0,2.0,0.0,97.0,0.0
2016.04.06 20:35:01,97.0,7.4,0.0,1006.7,0.0,2.0,0.0,97.0,0.0
2016.04.06 20:35:02,97.0,7.4,0.0,1006.7,0.0,2.0,0.0,97.0,0.0
2016.04.06 20:35:03,97.0,7.4,0.0,1006.7,0.0,2.0,0.0,97.0,0.0
2016.04.06 20:35:04,97.0,7.4,0.0,1006.7,0.0,2.0,0.0,97.0,0.0
2016.04.06 20:35:05,97.0,7.4,0.0,1006.7,0.0,2.0,0.0,97.0,0.0
2016.04.06 20:35:06,97.0,7.4,0.0,1006.7,0.0,2.0,0.0,97.0,0.0
2016.04.06 20:35:07,97.0,7.4,0.0,1006.7,0.0,2.0,0.0,97.0,0.0
2016.04.06 20:35:08,97.0,7.4,0.0,1006.7,0.0,2.0,0.0,97.0,0.0
2016.04.06 20:35:09,97.0,7.4,0.0,1006.7,0.0,2.0,0.0,97.0,0.0
2016.04.06 20:35:10,97.0,7.4,0.0,1006.7,0.0,2.0,0.0,97.0,0.0
2016.04.06 20:35:12,97.0,7.4,0.0,1006.7,0.0,2.0,0.0,97.0,0.0
2016.04.06 20:35:13,97.0,7.4,0.0,1006.7,0.0,2.0,0.0,97.0,0.0
2016.04.06 20:35:14,97.0,7.4,0.0,1006.7,0.0,2.0,0.0,97.0,0.0
2016.04.06 20:35:15,97.0,7.4,0.0,1006.7,0.0,2.0,0.0,97.0,0.0
2016.04.06 20:35:16,97.0,7.4,0.0,1006.7,0.0,2.0,0.0,97.0,0.0
2016.04.06 20:35:17,97.0,7.4,0.0,1006.7,0.0,2.0,0.0,97.0,0.0
2016.04.06 20:35:18,97.0,7.4,0.0,1006.7,0.0,2.0,0.0,97.0,0.0
2016.04.06 20:35:19,97.0,7.4,0.0,1006.7,0.0,2.0,0.0,97.0,0.0
2016.04.06 20:35:20,97.0,7.4,0.0,1006.7,0.0,2.0,0.0,97.0,0.0
2016.04.06 20:35:21,97.0,7.4,0.0,1006.7,0.0,2.0,0.0,97.0,0.0
2016.04.06 20:35:22,97.0,7.4,0.0,1006.7,0.0,2.0,0.0,97.0,0.0
2016.04.06 20:35:23,97.0,7.4,0.0,1006.7,0.0,2.0,0.0,97.0,0.0
2016.04.06 20:35:24,97.0,7.4,0.0,1006.7,0.0,2.0,0.0,97.0,0.0
2016.04.06 20:35:25,97.0,7.4,0.0,1006.7,0.0,2.0,0.0,97.0,0.0
2016.04.06 20:35:26,97.0,7.4,0.0,1006.7,0.0,2.0,0.0,97.0,0.0
2016.04.06 20:35:27,97.0,7.4,0.0,1006.7,0.0,2.0,0.0,97.0,0.0
2016.04.06 20:35:28,97.0,7.4,0.0,1006.7,0.0,2.0,0.0,97.0,0.0
2016.04.06 20:35:30,97.0,7.4,0.0,1006.7,0.0,2.0,0.0,97.0,0.0
2016.04.06 20:35:31,97.0,7.4,0.0,1006.7,0.0,2.0,0.0,97.0,0.0
2016.04.06 20:35:32,97.0,7.4,0.0,1006.7,0.0,2.0,0.0,97.0,0.0
2016.04.06 20:35:33,97.0,7.4,0.0,1006.7,0.0,2.0,0.0,97.0,0.0
2016.04.06 20:35:34,97.0,7.4,0.0,1006.7,0.0,2.0,0.0,97.0,0.0
2016.04.06 20:35:35,97.0,7.4,0.0,1006.7,0.0,2.0,0.0,97.0,0.0
2016.04.06 20:35:36,97.0,7.4,0.0,1006.7,0.0,2.0,0.0,97.0,0.0
2016.04.06 20:35:37,97.0,7.4,0.0,1006.7,0.0,2.0,0.0,97.0,0.0
2016.04.06 20:35:38,97.0,7.4,0.0,1006.7,0.0,2.0,0.0,97.0,0.0
2016.04.06 20:35:39,97.0,7.4,0.0,1006.7,0.0,2.0,0.0,97.0,0.0
2016.04.06 20:35:40,97.0,7.4,0.0,1006.7,0.0,2.0,0.0,97.0,0.0
2016.04.06 20:35:41,97.0,7.4,0.0,1006.7,0.0,2.0,0.0,97.0,0.0
2016.04.06 20:35:42,97.0,7.4,0.0,1006.7,0.0,2.0,0.0,97.0,0.0
2016.04.06 20:35:43,97.0,7.4,0.0,1006.7,0.0,2.0,0.0,97.0,0.0
2016.04.06 20:35:45,97.0,7.4,0.0,1006.7,0.0,2.0,0.0,97.0,0.0
2016.04.06 20:35:46,97.0,7.4,0.0,1006.7,0.0,2.0,0.0,97.0,0.0
2016.04.06 20:35:47,97.0,7.4,0.0,1006.7,0.0,2.0,0.0,97.0,0.0
2016.04.06 20:35:48,97.0,7.4,0.0,1006.7,0.0,2.0,0.0,97.0,0.0
2016.04.06 20:35:49,97.0,7.4,0.0,1006.7,0.0,2.0,0.0,97.0,0.0
2016.04.06 20:35:50,97.0,7.4,0.0,1006.7,0.0,2.0,0.0,97.0,0.0
2016.04.06 20:35:51,97.0,7.4,0.0,1006.7,0.0,2.0,0.0,97.0,0.0
2016.04.06 20:35:52,97.0,7.4,0.0,1006.7,0.0,2.0,0.0,97.0,0.0
2016.04.06 20:35:53,97.0,7.4,0.0,1006.7,0.0,2.0,0.0,97.0,0.0
2016.04.06 20:35:54,97.0,7.4,0.0,1006.7,0.0,2.0,0.0,97.0,0.0
2016.04.06 20:35:55,97.0,7.4,0.0,1006.7,0.0,2.0,0.0,97.0,0.0
2016.04.06 20:35:56,97.0,7.4,0.0,1006.7,0.0,2.0,0.0,97.0,0.0
2016.04.06 20:35:57,97.0,7.4,0.0,1006.7,0.0,2.0,0.0,97.0,0.0
2016.04.06 20:35:58,97.0,7.4,0.0,1006.7,0.0,2.0,0.0,97.0,0.0
2016.04.06 20:35:59,97.0,7.4,0.0,1006.7,0.0,2.0,0.0,97.0,0.0
2016.04.06 20:36:00,97.0,7.4,0.0,1006.7,0.0,2.0,0.0,97.0,0.0
2016.04.06 20:36:01,97.0,7.4,0.0,1006.6,0.0,2.0,0.0,97.0,0.0
2016.04.06 20:36:03,97.0,7.4,0.0,1006.6,0.0,2.0,0.0,97.0,0.0
2016.04.06 20:36:04,97.0,7.4,0.0,1006.6,0.0,2.0,0.0,97.0,0.0
2016.04.06 20:36:05,97.0,7.4,0.0,1006.6,0.0,2.0,0.0,97.0,0.0
2016.04.06 20:36:06,97.0,7.4,0.0,1006.6,0.0,2.0,0.0,97.0,0.0
2016.04.06 20:36:07,97.0,7.4,0.0,1006.6,0.0,2.0,0.0,97.0,0.0
2016.04.06 20:36:08,97.0,7.4,0.0,1006.6,0.0,2.0,0.0,97.0,0.0
2016.04.06 20:36:09,97.0,7.4,0.0,1006.6,0.0,2.0,0.0,97.0,0.0
2016.04.06 20:36:10,97.0,7.4,0.0,1006.6,0.0,2.0,0.0,97.0,0.0
2016.04.06 20:36:11,97.0,7.4,0.0,1006.6,0.0,2.0,0.0,97.0,0.0
2016.04.06 20:36:12,97.0,7.4,0.0,1006.6,0.0,2.0,0.0,97.0,0.0
2016.04.06 20:36:13,97.0,7.4,0.0,1006.6,0.0,2.0,0.0,97.0,0.0
2016.04.06 20:36:14,97.0,7.4,0.0,1006.6,0.0,2.0,0.0,97.0,0.0
2016.04.06 20:36:15,97.0,7.4,0.0,1006.6,0.0,2.0,0.0,97.0,0.0
2016.04.06 20:36:16,97.0,7.4,0.0,1006.6,0.0,2.0,0.0,97.0,0.0
2016.04.06 20:36:17,97.0,7.4,0.0,1006.6,0.0,2.0,0.0,97.0,0.0
2016.04.06 20:36:18,97.0,7.4,0.0,1006.6,0.0,2.0,0.0,97.0,0.0
2016.04.06 20:36:19,97.0,7.4,0.0,1006.6,0.0,2.0,0.0,97.0,0.0
2016.04.06 20:36:20,97.0,7.4,0.0,1006.6,0.0,2.0,0.0,97.0,0.0
2016.04.06 20:36:22,97.0,7.4,0.0,1006.6,0.0,2.0,0.0,97.0,0.0
2016.04.06 20:36:23,97.0,7.4,0.0,1006.6,0.0,2.0,0.0,97.0,0.0
2016.04.06 20:36:24,97.0,7.4,0.0,1006.6,0.0,2.0,0.0,97.0,0.0
2016.04.06 20:36:25,97.0,7.4,0.0,1006.6,0.0,2.0,0.0,97.0,0.0
2016.04.06 20:36:26,97.0,7.4,0.0,1006.6,0.0,2.0,0.0,97.0,0.0
2016.04.06 20:36:27,97.0,7.4,0.0,1006.6,0.0,2.0,0.0,97.0,0.0
2016.04.06 20:36:28,97.0,7.4,0.0,1006.6,0.0,2.0,0.0,97.0,0.0
2016.04.06 20:36:29,97.0,7.4,0.0,1006.6,0.0,2.0,0.0,97.0,0.0
2016.04.06 20:36:30,97.0,7.4,0.0,1006.6,0.0,2.0,0.0,97.0,0.0
2016.04.06 20:36:31,97.0,7.4,0.0,1006.6,0.0,2.0,0.0,97.0,0.0
2016.04.06 20:36:32,97.0,7.4,0.0,1006.6,0.0,2.0,0.0,97.0,0.0
2016.04.06 20:36:33,97.0,7.4,0.0,1006.6,0.0,2.0,0.0,97.0,0.0
2016.04.06 20:36:34,97.0,7.4,0.0,1006.6,0.0,2.0,0.0,97.0,0.0
2016.04.06 20:36:35,97.0,7.4,0.0,1006.6,0.0,2.0,0.0,97.0,0.0
2016.04.06 20:36:36,97.0,7.4,0.0,1006.6,0.0,2.0,0.0,97.0,0.0
2016.04.06 20:36:37,97.0,7.4,0.0,1006.6,0.0,2.0,0.0,97.0,0.0
2016.04.06 20:36:38,97.0,7.4,0.0,1006.6,0.0,2.0,0.0,97.0,0.0
2016.04.06 20:36:39,97.0,7.4,0.0,1006.6,0.0,2.0,0.0,97.0,0.0
2016.04.06 20:36:41,97.0,7.4,0.0,1006.6,0.0,2.0,0.0,97.0,0.0
2016.04.06 20:36:42,97.0,7.4,0.0,1006.6,0.0,2.0,0.0,97.0,0.0
2016.04.06 20:36:43,97.0,7.4,0.0,1006.6,0.0,2.0,0.0,97.0,0.0
2016.04.06 20:36:44,97.0,7.4,0.0,1006.6,0.0,2.0,0.0,97.0,0.0
2016.04.06 20:36:45,97.0,7.4,0.0,1006.6,0.0,2.0,0.0,97.0,0.0
2016.04.06 20:36:46,97.0,7.4,0.0,1006.6,0.0,2.0,0.0,97.0,0.0
2016.04.06 20:36:47,97.0,7.4,0.0,1006.6,0.0,2.0,0.0,97.0,0.0
2016.04.06 20:36:48,97.0,7.4,0.0,1006.6,0.0,2.0,0.0,97.0,0.0
2016.04.06 20:36:49,97.0,7.4,0.0,1006.6,0.0,2.0,0.0,97.0,0.0
2016.04.06 20:36:50,97.0,7.4,0.0,1006.6,0.0,2.0,0.0,97.0,0.0
2016.04.06 20:36:51,97.0,7.4,0.0,1006.6,0.0,2.0,0.0,97.0,0.0
2016.04.06 20:36:52,97.0,7.4,0.0,1006.6,0.0,2.0,0.0,97.0,0.0
2016.04.06 20:36:53,97.0,7.4,0.0,1006.6,0.0,2.0,0.0,97.0,0.0
2016.04.06 20:36:54,97.0,7.4,0.0,1006.6,0.0,2.0,0.0,97.0,0.0
2016.04.06 20:36:55,97.0,7.4,0.0,1006.6,0.0,2.0,0.0,97.0,0.0
2016.04.06 20:36:57,97.0,7.4,0.0,1006.6,0.0,2.0,0.0,97.0,0.0
2016.04.06 20:36:58,97.0,7.4,0.0,1006.6,0.0,2.0,0.0,97.0,0.0
2016.04.06 20:36:59,97.0,7.4,0.0,1006.6,0.0,2.0,0.0,97.0,0.0
2016.04.06 20:37:00,97.0,7.4,0.0,1006.6,0.0,2.0,0.0,97.0,0.0
2016.04.06 20:37:01,97.0,7.4,0.0,1006.6,0.0,2.0,0.0,97.0,0.0
2016.04.06 20:37:02,97.0,7.4,0.0,1006.6,0.0,2.0,0.0,97.0,0.0
2016.04.06 20:37:03,97.0,7.4,0.0,1006.6,0.0,2.0,0.0,97.0,0.0
2016.04.06 20:37:04,97.0,7.4,0.0,1006.6,0.0,2.0,0.0,97.0,0.0
2016.04.06 20:37:05,97.0,7.4,0.0,1006.6,0.0,2.0,0.0,97.0,0.0
2016.04.06 20:37:06,97.0,7.4,0.0,1006.6,0.0,2.0,0.0,97.0,0.0
2016.04.06 20:37:07,97.0,7.4,0.0,1006.6,0.0,2.0,0.0,97.0,0.0
2016.04.06 20:37:08,97.0,7.4,0.0,1006.6,0.0,2.0,0.0,97.0,0.0
2016.04.06 20:37:09,97.0,7.4,0.0,1006.6,0.0,2.0,0.0,97.0,0.0
2016.04.06 20:37:10,97.0,7.4,0.0,1006.6,0.0,2.0,0.0,97.0,0.0
2016.04.06 20:37:11,97.0,7.4,0.0,1006.6,0.0,2.0,0.0,97.0,0.0
2016.04.06 20:37:12,97.0,7.4,0.0,1006.6,0.0,2.0,0.0,97.0,0.0
2016.04.06 20:37:13,97.0,7.4,0.0,1006.6,0.0,2.0,0.0,97.0,0.0
2016.04.06 20:37:15,97.0,7.4,0.0,1006.6,0.0,2.0,0.0,97.0,0.0
2016.04.06 20:37:16,97.0,7.4,0.0,1006.6,0.0,2.0,0.0,97.0,0.0
2016.04.06 20:37:17,97.0,7.4,0.0,1006.6,0.0,2.0,0.0,97.0,0.0
2016.04.06 20:37:18,97.0,7.4,0.0,1006.6,0.0,2.0,0.0,97.0,0.0
2016.04.06 20:37:19,97.0,7.4,0.0,1006.6,0.0,2.0,0.0,97.0,0.0
2016.04.06 20:37:20,97.0,7.4,0.0,1006.6,0.0,2.0,0.0,97.0,0.0
2016.04.06 20:37:21,97.0,7.4,0.0,1006.6,0.0,2.0,0.0,97.0,0.0
2016.04.06 20:37:22,97.0,7.4,0.0,1006.6,0.0,2.0,0.0,97.0,0.0
2016.04.06 20:37:23,97.0,7.4,0.0,1006.6,0.0,2.0,0.0,97.0,0.0
2016.04.06 20:37:24,97.0,7.4,0.0,1006.6,0.0,2.0,0.0,97.0,0.0
2016.04.06 20:37:25,97.0,7.4,0.0,1006.6,0.0,2.0,0.0,97.0,0.0
2016.04.06 20:37:26,97.0,7.4,0.0,1006.6,0.0,2.0,0.0,97.0,0.0
2016.04.06 20:37:27,97.0,7.4,0.0,1006.6,0.0,2.0,0.0,97.0,0.0
2016.04.06 20:37:28,97.0,7.4,0.0,1006.6,0.0,2.0,0.0,97.0,0.0
2016.04.06 20:37:29,97.0,7.4,0.0,1006.6,0.0,2.0,0.0,97.0,0.0
2016.04.06 20:37:30,97.0,7.4,0.0,1006.6,0.0,2.0,0.0,97.0,0.0
2016.04.06 20:37:31,97.0,7.4,0.0,1006.6,0.0,2.0,0.0,97.0,0.0
2016.04.06 20:37:32,97.0,7.4,0.0,1006.6,0.0,2.0,0.0,97.0,0.0
2016.04.06 20:37:34,97.0,7.4,0.0,1006.6,0.0,2.0,0.0,97.0,0.0
2016.04.06 20:37:35,97.0,7.4,0.0,1006.6,0.0,2.0,0.0,97.0,0.0
2016.04.06 20:37:36,97.0,7.4,0.0,1006.6,0.0,2.0,0.0,97.0,0.0
2016.04.06 20:37:37,97.0,7.4,0.0,1006.6,0.0,2.0,0.0,97.0,0.0
2016.04.06 20:37:38,97.0,7.4,0.0,1006.6,0.0,2.0,0.0,97.0,0.0
2016.04.06 20:37:39,97.0,7.4,0.0,1006.6,0.0,2.0,0.0,97.0,0.0
2016.04.06 20:37:40,97.0,7.4,0.0,1006.6,0.0,2.0,0.0,97.0,0.0
2016.04.06 20:37:41,97.0,7.4,0.0,1006.6,0.0,2.0,0.0,97.0,0.0
2016.04.06 20:37:42,97.0,7.4,0.0,1006.6,0.0,2.0,0.0,97.0,0.0
2016.04.06 20:37:43,97.0,7.4,0.0,1006.6,0.0,2.0,0.0,97.0,0.0
2016.04.06 20:37:44,97.0,7.4,0.0,1006.6,0.0,2.0,0.0,97.0,0.0
2016.04.06 20:37:45,97.0,7.4,0.0,1006.6,0.0,2.0,0.0,97.0,0.0
2016.04.06 20:37:46,97.0,7.4,0.0,1006.6,0.0,2.0,0.0,97.0,0.0
2016.04.06 20:37:47,97.0,7.4,0.0,1006.6,0.0,2.0,0.0,97.0,0.0
2016.04.06 20:37:48,97.0,7.4,0.0,1006.6,0.0,2.0,0.0,97.0,0.0
2016.04.06 20:37:49,97.0,7.4,0.0,1006.6,0.0,2.0,0.0,97.0,0.0
2016.04.06 20:37:51,97.0,7.4,0.0,1006.6,0.0,2.0,0.0,97.0,0.0
2016.04.06 20:37:52,97.0,7.4,0.0,1006.6,0.0,2.0,0.0,97.0,0.0
2016.04.06 20:37:53,97.0,7.4,0.0,1006.6,0.0,2.0,0.0,97.0,0.0
2016.04.06 20:37:54,97.0,7.4,0.0,1006.6,0.0,2.0,0.0,97.0,0.0
2016.04.06 20:37:55,97.0,7.4,0.0,1006.6,0.0,2.0,0.0,97.0,0.0
2016.04.06 20:37:56,97.0,7.4,0.0,1006.6,0.0,2.0,0.0,97.0,0.0
2016.04.06 20:37:57,97.0,7.4,0.0,1006.6,0.0,2.0,0.0,97.0,0.0
2016.04.06 20:37:58,97.0,7.4,0.0,1006.6,0.0,2.0,0.0,97.0,0.0
2016.04.06 20:37:59,97.0,7.4,0.0,1006.6,0.0,2.0,0.0,97.0,0.0
2016.04.06 20:38:00,97.0,7.4,0.0,1006.6,0.0,2.0,0.0,97.0,0.0
2016.04.06 20:38:01,97.0,7.4,0.0,1006.6,0.0,2.0,0.0,97.0,0.0
2016.04.06 20:38:02,97.0,7.4,0.0,1006.6,0.0,2.0,0.0,97.0,0.0
2016.04.06 20:38:03,97.0,7.4,0.0,1006.6,0.0,2.0,0.0,97.0,0.0
2016.04.06 20:38:04,97.0,7.4,0.0,1006.6,0.0,2.0,0.0,97.0,0.0
2016.04.06 20:38:05,97.0,7.4,0.0,1006.6,0.0,2.0,0.0,97.0,0.0
2016.04.06 20:38:06,97.0,7.4,0.0,1006.6,0.0,2.0,0.0,97.0,0.0
2016.04.06 20:38:07,97.0,7.4,0.0,1006.6,0.0,2.0,0.0,97.0,0.0
2016.04.06 20:38:08,97.0,7.4,0.0,1006.6,0.0,2.0,0.0,97.0,0.0
2016.04.06 20:38:09,97.0,7.4,0.0,1006.6,0.0,2.0,0.0,97.0,0.0
2016.04.06 20:38:10,97.0,7.4,0.0,1006.6,0.0,2.0,0.0,97.0,0.0
2016.04.06 20:38:12,97.0,7.4,0.0,1006.6,0.0,2.0,0.0,97.0,0.0
2016.04.06 20:38:13,97.0,7.4,0.0,1006.6,0.0,2.0,0.0,97.0,0.0
2016.04.06 20:38:14,97.0,7.4,0.0,1006.6,0.0,2.0,0.0,97.0,0.0
2016.04.06 20:38:15,97.0,7.4,0.0,1006.6,0.0,2.0,0.0,97.0,0.0
2016.04.06 20:38:16,97.0,7.4,0.0,1006.6,0.0,2.0,0.0,97.0,0.0
2016.04.06 20:38:17,97.0,7.4,0.0,1006.6,0.0,2.0,0.0,97.0,0.0
2016.04.06 20:38:18,97.0,7.4,0.0,1006.6,0.0,2.0,0.0,97.0,0.0
2016.04.06 20:38:19,97.0,7.4,0.0,1006.6,0.0,2.0,0.0,97.0,0.0
2016.04.06 20:38:20,97.0,7.4,0.0,1006.6,0.0,2.0,0.0,97.0,0.0
2016.04.06 20:38:21,97.0,7.4,0.0,1006.6,0.0,2.0,0.0,97.0,0.0
2016.04.06 20:38:22,97.0,7.4,0.0,1006.6,0.0,2.0,0.0,97.0,0.0
2016.04.06 20:38:23,97.0,7.4,0.0,1006.6,0.0,2.0,0.0,97.0,0.0
2016.04.06 20:38:24,97.0,7.4,0.0,1006.6,0.0,2.0,0.0,97.0,0.0
2016.04.06 20:38:25,97.0,7.4,0.0,1006.6,0.0,2.0,0.0,97.0,0.0
2016.04.06 20:38:27,97.0,7.4,0.0,1006.6,0.0,2.0,0.0,97.0,0.0
2016.04.06 20:38:28,97.0,7.4,0.0,1006.6,0.0,2.0,0.0,97.0,0.0
2016.04.06 20:38:29,97.0,7.4,0.0,1006.6,0.0,2.0,0.0,97.0,0.0
2016.04.06 20:38:30,97.0,7.4,0.0,1006.6,0.0,2.0,0.0,97.0,0.0
2016.04.06 20:38:31,97.0,7.4,0.0,1006.6,0.0,2.0,0.0,97.0,0.0
2016.04.06 20:38:32,97.0,7.4,0.0,1006.6,0.0,2.0,0.0,97.0,0.0
2016.04.06 20:38:33,97.0,7.4,0.0,1006.6,0.0,2.0,0.0,97.0,0.0
2016.04.06 20:38:34,97.0,7.4,0.0,1006.6,0.0,2.0,0.0,97.0,0.0
2016.04.06 20:38:35,97.0,7.4,0.0,1006.6,0.0,2.0,0.0,97.0,0.0
2016.04.06 20:38:36,97.0,7.4,0.0,1006.6,0.0,2.0,0.0,97.0,0.0
2016.04.06 20:38:37,97.0,7.4,0.0,1006.6,0.0,2.0,0.0,97.0,0.0
2016.04.06 20:38:38,97.0,7.4,0.0,1006.6,0.0,2.0,0.0,97.0,0.0
2016.04.06 20:38:39,97.0,7.4,0.0,1006.6,0.0,2.0,0.0,97.0,0.0
2016.04.06 20:38:40,97.0,7.4,0.0,1006.6,0.0,2.0,0.0,97.0,0.0
2016.04.06 20:38:41,97.0,7.4,0.0,1006.6,0.0,2.0,0.0,97.0,0.0
2016.04.06 20:38:42,97.0,7.4,0.0,1006.6,0.0,2.0,0.0,97.0,0.0
2016.04.06 20:38:43,97.0,7.4,0.0,1006.6,0.0,2.0,0.0,97.0,0.0
2016.04.06 20:38:44,97.0,7.4,0.0,1006.6,0.0,2.0,0.0,97.0,0.0
2016.04.06 20:38:46,97.0,7.4,0.0,1006.6,0.0,2.0,0.0,97.0,0.0
2016.04.06 20:38:47,97.0,7.4,0.0,1006.6,0.0,2.0,0.0,97.0,0.0
2016.04.06 20:38:48,97.0,7.4,0.0,1006.6,0.0,2.0,0.0,97.0,0.0
2016.04.06 20:38:49,97.0,7.4,0.0,1006.6,0.0,2.0,0.0,97.0,0.0
2016.04.06 20:38:50,97.0,7.4,0.0,1006.6,0.0,2.0,0.0,97.0,0.0
2016.04.06 20:38:51,97.0,7.4,0.0,1006.6,0.0,2.0,0.0,97.0,0.0
2016.04.06 20:38:52,97.0,7.4,0.0,1006.6,0.0,2.0,0.0,97.0,0.0
2016.04.06 20:38:53,97.0,7.4,0.0,1006.6,0.0,2.0,0.0,97.0,0.0
2016.04.06 20:38:54,97.0,7.4,0.0,1006.6,0.0,2.0,0.0,97.0,0.0
2016.04.06 20:38:55,97.0,7.4,0.0,1006.6,0.0,2.0,0.0,97.0,0.0
2016.04.06 20:38:56,97.0,7.4,0.0,1006.6,0.0,2.0,0.0,97.0,0.0
2016.04.06 20:38:57,97.0,7.4,0.0,1006.6,0.0,2.0,0.0,97.0,0.0
2016.04.06 20:38:58,97.0,7.4,0.0,1006.6,0.0,2.0,0.0,97.0,0.0
2016.04.06 20:38:59,97.0,7.4,0.0,1006.6,0.0,2.0,0.0,97.0,0.0
2016.04.06 20:39:00,97.0,7.4,0.0,1006.6,0.0,2.0,0.0,97.0,0.0
2016.04.06 20:39:01,97.0,7.4,0.0,1006.6,0.0,2.0,0.0,97.0,0.0
2016.04.06 20:39:02,97.0,7.4,0.0,1006.6,0.0,2.0,0.0,97.0,0.0
2016.04.06 20:39:03,97.0,7.4,0.0,1006.6,0.0,2.0,0.0,97.0,0.0
2016.04.06 20:39:04,97.0,7.4,0.0,1006.6,0.0,2.0,0.0,97.0,0.0
2016.04.06 20:39:05,97.0,7.4,0.0,1006.6,0.0,2.0,0.0,97.0,0.0
2016.04.06 20:39:06,97.0,7.4,0.0,1006.6,0.0,2.0,0.0,97.0,0.0
2016.04.06 20:39:07,97.0,7.4,0.0,1006.6,0.0,2.0,0.0,97.0,0.0
2016.04.06 20:39:08,97.0,7.4,0.0,1006.6,0.0,2.0,0.0,97.0,0.0
2016.04.06 20:39:10,97.0,7.4,0.0,1006.6,0.0,2.0,0.0,97.0,0.0
2016.04.06 20:39:11,97.0,7.4,0.0,1006.6,0.0,2.0,0.0,97.0,0.0
2016.04.06 20:39:12,97.0,7.4,0.0,1006.6,0.0,2.0,0.0,97.0,0.0
2016.04.06 20:39:13,97.0,7.4,0.0,1006.6,0.0,2.0,0.0,97.0,0.0
2016.04.06 20:39:14,97.0,7.4,0.0,1006.6,0.0,2.0,0.0,97.0,0.0
2016.04.06 20:39:48,0.0,0.0,0.0,0.0,0.0,0.0,0.0,0.0,0.0
2016.04.06 20:39:49,0.0,0.0,0.0,0.0,0.0,0.0,0.0,0.0,0.0
2016.04.06 20:39:50,0.0,0.0,0.0,0.0,0.0,0.0,0.0,0.0,0.0
2016.04.06 20:39:51,97.0,7.4,0.0,1006.6,0.0,2.0,0.0,97.0,0.0
2016.04.06 20:39:52,97.0,7.4,0.0,1006.6,0.0,2.0,0.0,97.0,0.0
2016.04.06 20:39:53,97.0,7.4,0.0,1006.6,0.0,2.0,0.0,97.0,0.0
2016.04.06 20:39:54,97.0,7.4,0.0,1006.6,0.0,2.0,0.0,97.0,0.0
2016.04.06 20:39:55,97.0,7.4,0.0,1006.6,0.0,2.0,0.0,97.0,0.0
2016.04.06 20:39:56,97.0,7.4,0.0,1006.6,0.0,2.0,0.0,97.0,0.0
2016.04.06 20:39:57,97.0,7.4,0.0,1006.6,0.0,2.0,0.0,97.0,0.0
2016.04.06 20:39:58,97.0,7.4,0.0,1006.6,0.0,2.0,0.0,97.0,0.0
2016.04.06 20:39:59,97.0,7.4,0.0,1006.6,0.0,2.0,0.0,97.0,0.0
2016.04.06 20:40:00,97.0,7.4,0.0,1006.6,0.0,2.0,0.0,97.0,0.0
2016.04.06 20:40:01,97.0,7.4,0.0,1006.6,0.0,2.0,0.0,97.0,0.0
2016.04.06 20:40:02,97.0,7.4,0.0,1006.6,0.0,2.0,0.0,97.0,0.0
2016.04.06 20:40:03,97.0,7.4,0.0,1006.6,0.0,2.0,0.0,97.0,0.0
2016.04.06 20:40:05,97.0,7.4,0.0,1006.6,0.0,2.0,0.0,97.0,0.0
2016.04.06 20:40:06,97.0,7.4,0.0,1006.6,0.0,2.0,0.0,97.0,0.0
2016.04.06 20:40:07,97.0,7.4,0.0,1006.6,0.0,2.0,0.0,97.0,0.0
2016.04.06 20:40:08,97.0,7.4,0.0,1006.6,0.0,2.0,0.0,97.0,0.0
2016.04.06 20:40:09,97.0,7.4,0.0,1006.6,0.0,2.0,0.0,97.0,0.0
2016.04.06 20:40:10,97.0,7.4,0.0,1006.6,0.0,2.0,0.0,97.0,0.0
2016.04.06 20:40:11,97.0,7.4,0.0,1006.6,0.0,2.0,0.0,97.0,0.0
2016.04.06 20:40:12,97.0,7.4,0.0,1006.6,0.0,2.0,0.0,97.0,0.0
2016.04.06 20:40:13,97.0,7.4,0.0,1006.6,0.0,2.0,0.0,97.0,0.0
2016.04.06 20:40:14,97.0,7.4,0.0,1006.6,0.0,2.0,0.0,97.0,0.0
2016.04.06 20:40:15,97.0,7.4,0.0,1006.6,0.0,2.0,0.0,97.0,0.0
2016.04.06 20:40:16,97.0,7.4,0.0,1006.6,0.0,2.0,0.0,97.0,0.0
2016.04.06 20:40:17,97.0,7.4,0.0,1006.6,0.0,2.0,0.0,97.0,0.0
