date,actHumidityOutdoor,actTempOutdoor,rainHourly,relativePressure,solarRadiation,uvRadiation,uvRadiationIndex,windDirection,windSpeed
2017.01.01 00:17:33,75.58,-6.78,0.0,1021.58,0.0,2.0,0.0,202.25,0.0
2017.01.01 01:17:33,72.33,-7.7,0.0,1020.81,0.0,2.0,0.0,262.5,0.0
2017.01.01 02:17:33,74.17,-7.2,0.0,1020.04,0.0,2.0,0.0,302.08,0.0
2017.01.01 03:17:33,71.92,-7.73,0.0,1019.56,0.0,2.0,0.0,266.83,0.0
2017.01.01 04:17:33,72.08,-8.13,0.0,1018.86,0.0,2.0,0.0,220.75,0.0
2017.01.01 05:17:33,71.92,-8.14,0.0,1018.15,0.0,2.0,0.0,276.58,0.0
2017.01.01 06:17:33,71.92,-8.18,0.0,1017.83,0.0,2.0,0.0,298.67,0.0
2017.01.01 07:17:33,71.92,-8.49,0.0,1017.53,0.0,2.0,0.0,329.58,0.0
2017.01.01 08:17:33,71.42,-8.87,0.0,1017.08,2.81,11.17,0.0,319.08,0.0
2017.01.01 09:17:33,74.5,-7.68,0.0,1016.96,29.66,108.83,0.58,265.08,0.0
2017.01.01 10:17:34,73.33,-2.06,0.0,1016.7,60.92,358.08,1.0,132.83,0.0
2017.01.01 11:17:34,63.75,1.39,0.0,1016.22,86.43,531.5,1.42,228.08,0.0
2017.01.01 12:17:34,61.83,3.84,0.0,1015.48,85.97,623.75,2.0,175.08,0.0
2017.01.01 13:17:34,57.75,5.15,0.0,1014.57,86.35,563.17,1.67,201.5,0.06
2017.01.01 14:17:34,60.75,4.64,0.0,1013.97,107.49,381.0,1.0,230.42,0.0
2017.01.01 15:17:34,61.5,3.56,0.0,1013.7,177.34,259.83,1.0,185.0,0.58
2017.01.01 16:17:34,61.25,3.63,0.0,1013.57,101.8,101.92,0.5,331.58,0.0
2017.01.01 17:17:34,75.0,-1.46,0.0,1013.23,2.01,7.08,0.0,187.92,0.0
2017.01.01 18:17:34,78.25,-3.02,0.0,1013.07,0.0,2.0,0.0,112.0,0.0
2017.01.01 19:17:34,78.58,-3.58,0.0,1012.97,0.0,1.92,0.0,230.83,0.0
2017.01.01 20:17:34,79.67,-4.38,0.0,1012.93,0.0,2.0,0.0,282.83,0.03
2017.01.01 21:17:35,79.08,-4.62,0.0,1012.97,0.0,1.92,0.0,94.08,0.0
2017.01.01 22:17:35,79.0,-5.28,0.0,1012.93,0.0,2.0,0.0,125.17,0.0
2017.01.01 23:17:35,78.17,-5.93,0.0,1012.75,0.0,1.83,0.0,259.75,0.0
2017.01.02 00:17:35,78.33,-5.69,0.0,1012.93,0.0,2.0,0.0,130.92,0.39
2017.01.02 01:17:35,77.17,-5.9,0.0,1012.86,0.0,2.0,0.0,239.08,0.12
2017.01.02 02:17:35,78.0,-6.33,0.0,1012.59,0.0,2.0,0.0,283.33,0.0
2017.01.02 03:17:35,77.42,-6.21,0.0,1012.77,0.0,2.0,0.0,286.75,0.0
2017.01.02 04:17:35,77.17,-6.14,0.0,1012.69,0.0,2.0,0.0,114.83,0.06
2017.01.02 05:17:35,75.75,-5.64,0.0,1012.42,0.0,2.0,0.0,241.92,0.0
2017.01.02 06:17:35,75.33,-5.88,0.0,1012.43,0.0,2.0,0.0,218.5,0.0
2017.01.02 07:17:36,76.67,-6.06,0.0,1012.5,0.0,2.0,0.0,231.08,0.0
2017.01.02 08:17:36,77.08,-5.82,0.0,1012.6,2.9,11.0,0.0,295.42,0.0
2017.01.02 09:17:36,75.33,-5.12,0.0,1012.87,30.8,107.42,0.58,190.5,0.0
2017.01.02 10:17:36,71.67,-1.87,0.0,1013.13,60.39,353.17,1.0,200.83,0.03
2017.01.02 11:17:36,64.25,-0.61,0.0,1012.97,87.1,527.92,1.33,147.5,0.51
2017.01.02 12:17:36,66.17,-1.27,0.0,1012.79,115.51,595.58,1.92,89.0,1.38
2017.01.02 13:17:36,72.42,-3.18,0.0,1013.13,56.5,235.58,1.08,94.75,0.36
2017.01.02 14:17:36,78.08,-2.35,0.0,1013.16,45.86,207.33,1.0,239.5,3.43
2017.01.02 15:17:36,78.08,-1.38,0.0,1013.09,21.64,96.0,0.5,205.25,2.74
2017.01.02 16:17:36,77.42,-1.09,0.0,1013.08,3.43,21.75,0.0,226.0,0.33
2017.01.02 17:17:37,76.17,-0.72,0.0,1013.44,0.0,2.75,0.0,240.83,1.32
2017.01.02 18:17:37,81.67,-0.78,0.0,1013.88,0.0,1.92,0.0,231.17,1.04
2017.01.02 19:17:37,82.58,-0.76,0.0,1014.31,0.0,1.92,0.0,257.0,1.54
2017.01.02 20:17:37,82.75,-0.9,0.0,1014.79,0.0,1.92,0.0,237.17,4.24
2017.01.02 21:17:37,83.42,-0.94,0.0,1015.22,0.0,1.92,0.0,259.75,2.97
2017.01.02 22:17:37,84.0,-0.98,0.0,1015.66,0.0,2.0,0.0,239.92,3.03
2017.01.02 23:17:37,84.0,-0.92,0.0,1016.02,0.0,2.0,0.0,260.17,0.0
2017.01.03 00:17:37,84.67,-1.02,0.0,1016.36,0.0,2.0,0.0,274.17,0.0
2017.01.03 01:17:37,83.92,-1.22,0.0,1016.67,0.0,2.0,0.0,254.92,0.0
2017.01.03 02:17:37,83.0,-1.39,0.0,1017.09,0.0,1.92,0.0,245.92,0.0
2017.01.03 03:17:37,83.0,-1.53,0.0,1017.45,0.0,2.0,0.0,237.08,0.0
2017.01.03 04:17:38,82.92,-1.57,0.0,1017.82,0.0,2.0,0.0,236.33,0.0
2017.01.03 05:17:38,82.0,-1.56,0.0,1017.96,0.0,2.0,0.0,235.25,0.0
2017.01.03 06:17:38,82.33,-1.54,0.0,1018.01,0.0,1.75,0.0,235.5,0.0
2017.01.03 07:17:38,83.0,-1.6,0.0,1018.38,0.0,1.92,0.0,247.5,0.0
2017.01.03 08:17:38,82.0,-1.6,0.0,1018.68,0.92,5.0,0.0,239.5,0.0
2017.01.03 09:17:38,81.08,-1.47,0.0,1019.21,18.45,46.83,0.0,247.58,0.0
2017.01.03 10:17:38,80.42,-1.25,0.0,1019.66,48.16,135.0,0.58,242.5,0.0
2017.01.03 11:17:38,75.08,-0.92,0.0,1019.95,79.95,253.42,1.0,250.58,0.0
2017.01.03 12:17:38,75.33,-0.83,0.0,1019.52,84.12,276.42,1.0,258.42,0.0
2017.01.03 13:17:38,71.5,-0.28,0.0,1019.04,118.82,529.67,1.67,247.92,0.0
2017.01.03 14:17:39,68.75,0.0,0.0,1018.73,103.82,486.5,1.08,254.42,0.0
2017.01.03 15:17:39,65.0,-0.06,0.0,1018.03,85.98,314.5,1.0,230.08,0.58
2017.01.03 16:17:39,66.17,-0.56,0.15,1017.78,42.63,123.92,0.58,236.33,2.85
2017.01.03 17:17:39,68.67,-2.09,0.0,1017.58,1.78,8.67,0.0,241.25,0.69
2017.01.03 18:17:39,74.08,-4.18,0.0,1017.33,0.0,1.83,0.0,215.25,0.28
2017.01.03 19:17:39,73.67,-3.77,0.0,1017.05,0.0,1.92,0.0,210.58,3.89
2017.01.03 20:17:39,72.75,-3.49,0.0,1016.58,0.0,2.0,0.0,216.17,4.63
2017.01.03 21:17:39,70.75,-2.02,0.0,1016.23,0.0,2.0,0.0,212.17,9.68
2017.01.03 22:17:39,65.58,-1.38,0.0,1015.41,0.0,2.0,0.0,212.08,10.84
2017.01.03 23:17:39,63.92,-1.0,0.0,1014.63,0.0,2.0,0.0,214.25,8.82
2017.01.04 00:17:39,63.17,-1.35,0.0,1013.91,0.0,2.0,0.0,221.5,1.89
2017.01.04 01:17:40,57.17,-0.3,0.0,1012.98,0.0,2.0,0.0,216.17,1.56
2017.01.04 02:17:40,57.83,-0.67,0.0,1012.02,0.0,2.0,0.0,217.42,4.1
2017.01.04 03:17:40,57.08,0.23,0.0,1011.81,0.0,2.0,0.0,246.0,8.35
2017.01.04 04:17:40,61.42,-0.17,0.0,1010.75,0.0,2.0,0.0,233.58,6.23
2017.01.04 05:17:40,50.42,0.59,0.0,1009.65,0.0,1.92,0.0,230.67,10.98
2017.01.04 06:17:40,50.75,0.56,0.0,1008.95,0.0,2.0,0.0,239.92,14.55
2017.01.04 07:17:40,49.58,0.81,0.0,1008.41,0.0,2.0,0.0,235.33,21.0
2017.01.04 08:17:40,54.75,0.9,0.0,1007.88,0.74,7.75,0.0,244.5,22.27
2017.01.04 09:17:40,64.67,0.87,0.0,1007.35,13.02,49.58,0.0,239.42,21.43
2017.01.04 10:17:40,69.0,1.06,0.0,1006.89,28.97,111.08,0.67,240.67,18.47
2017.01.04 11:17:41,69.5,1.04,0.0,1006.56,50.9,181.0,1.0,248.75,18.53
2017.01.04 12:17:41,70.0,1.29,0.0,1005.73,53.3,194.42,1.0,232.17,21.98
2017.01.04 13:17:41,76.25,0.96,0.0,1005.35,57.36,203.83,1.0,246.0,18.88
2017.01.04 14:17:41,83.67,0.21,0.0,1005.22,31.92,123.42,0.83,256.75,13.76
2017.01.04 15:17:41,84.67,0.2,0.0,1004.77,19.62,76.67,0.17,240.08,14.11
2017.01.04 16:17:41,85.0,0.2,0.0,1004.69,10.17,38.0,0.0,242.08,13.93
2017.01.04 17:17:41,85.0,0.18,0.0,1005.03,0.45,5.08,0.0,249.17,13.02
2017.01.04 18:17:41,84.0,0.09,0.0,1005.37,0.0,2.0,0.0,244.75,10.33
2017.01.04 19:17:41,83.08,0.0,0.0,1005.43,0.0,2.0,0.0,240.42,3.3
2017.01.04 20:17:41,83.92,-0.07,0.0,1005.82,0.0,2.0,0.0,238.92,0.0
2017.01.04 21:17:42,81.5,-0.24,0.0,1005.94,0.0,2.0,0.0,238.83,0.0
2017.01.04 23:18:34,70.0,-0.5,0.0,1006.0,0.0,1.67,0.0,215.58,0.0
2017.01.05 00:18:34,84.0,-0.6,0.0,1006.36,0.0,1.92,0.0,239.58,0.0
2017.01.05 01:18:34,83.58,-0.6,0.0,1006.35,0.0,2.0,0.0,264.92,0.0
2017.01.05 02:18:34,82.5,-0.76,0.0,1006.82,0.0,2.0,0.0,243.33,0.0
2017.01.05 03:18:34,80.42,-0.88,0.0,1006.94,0.0,2.0,0.0,250.67,2.94
2017.01.05 04:18:34,77.58,-1.13,0.0,1006.88,0.0,1.75,0.0,250.42,12.13
2017.01.05 05:18:34,79.33,-2.93,0.0,1008.17,0.0,2.0,0.0,273.0,6.27
2017.01.05 06:18:34,73.42,-3.59,0.0,1009.52,0.0,2.0,0.0,262.17,11.24
2017.01.05 07:18:34,67.25,-4.38,0.0,1010.93,0.0,2.0,0.0,262.5,7.48
2017.01.05 08:18:34,63.17,-4.66,0.0,1012.25,0.88,7.17,0.0,243.67,7.43
2017.01.05 09:18:34,75.83,-4.89,0.0,1013.01,17.45,62.25,0.17,252.08,6.02
2017.01.05 10:18:35,77.42,-4.68,0.0,1013.7,72.32,227.0,0.83,269.92,4.96
2017.01.05 11:18:35,72.25,-4.07,0.0,1014.26,133.52,534.17,1.25,281.58,4.42
2017.01.05 12:18:35,66.58,-3.57,0.0,1014.49,134.15,573.42,1.67,258.25,3.35
2017.01.05 13:18:35,67.83,-3.54,0.0,1014.89,126.67,494.42,1.0,251.17,3.52
2017.01.05 14:18:35,65.5,-3.18,0.0,1015.65,114.25,415.42,1.0,245.92,0.89
2017.01.05 15:18:35,65.08,-3.31,0.0,1016.63,74.8,253.25,1.0,236.67,1.06
2017.01.05 16:18:35,67.0,-3.88,0.0,1017.58,25.6,81.33,0.33,261.08,0.12
2017.01.05 17:18:35,67.0,-4.27,0.0,1018.41,1.2,7.17,0.0,274.92,0.18
2017.01.05 18:18:35,70.08,-4.65,0.0,1019.27,0.0,2.0,0.0,283.0,0.03
2017.01.05 19:18:35,71.92,-4.79,0.0,1020.19,0.0,2.0,0.0,275.92,0.15
2017.01.05 20:18:36,72.92,-5.0,0.0,1020.93,0.0,2.0,0.0,232.5,0.06
2017.01.05 21:18:36,72.67,-5.2,0.0,1021.8,0.0,2.0,0.0,162.17,0.75
2017.01.05 22:37:42,71.4,-6.0,0.0,1022.7,0.0,2.0,0.0,225.9,1.0
2017.01.05 23:37:42,73.0,-6.5,0.0,1023.4,0.0,2.0,0.0,264.7,0.0
2017.01.06 00:37:43,70.3,-6.8,0.0,1024.0,0.0,2.0,0.0,146.2,0.0
2017.01.06 01:37:43,66.4,-8.0,0.0,1024.6,0.0,2.0,0.0,225.5,0.0
2017.01.06 02:37:43,68.3,-10.4,0.0,1025.5,0.0,2.0,0.0,229.0,0.0
2017.01.06 03:37:43,68.1,-12.3,0.0,1026.3,0.0,2.0,0.0,148.0,0.1
2017.01.06 04:37:43,66.5,-13.3,0.0,1026.7,0.0,2.0,0.0,161.1,0.0
2017.01.06 05:37:43,64.5,-14.1,0.0,1027.0,0.0,2.0,0.0,110.9,0.0
2017.01.06 06:37:43,63.9,-14.5,0.0,1027.6,0.0,1.9,0.0,171.7,0.0
2017.01.06 07:37:43,63.3,-15.0,0.0,1028.3,0.0,2.0,0.0,47.9,0.0
2017.01.06 08:37:43,63.3,-16.1,0.0,1029.3,6.6,21.1,0.0,222.3,0.0
2017.01.06 09:37:43,67.4,-13.9,0.0,1029.9,44.3,138.2,0.8,127.8,0.0
2017.01.06 10:37:43,70.8,-9.1,0.0,1030.3,82.2,243.0,1.0,42.6,0.0
2017.01.06 11:37:44,71.0,-8.8,0.0,1030.4,86.2,251.0,1.0,34.0,0.0
2017.01.06 12:37:44,71.0,-8.8,0.0,1030.4,86.2,251.0,1.0,34.0,0.0
2017.01.06 13:37:44,71.0,-8.8,0.0,1030.4,86.2,251.0,1.0,34.0,0.0
2017.01.06 14:37:44,71.0,-8.8,0.0,1030.4,86.2,251.0,1.0,34.0,0.0
2017.01.06 15:37:44,71.0,-8.8,0.0,1030.4,86.2,251.0,1.0,34.0,0.0
2017.01.06 16:37:44,56.3,-8.6,0.0,1029.9,40.7,97.1,0.3,129.6,0.0
2017.01.06 17:37:44,61.2,-11.8,0.0,1029.9,0.3,3.5,0.0,84.6,0.0
2017.01.06 18:37:44,63.5,-13.9,0.0,1030.3,0.0,2.0,0.0,250.2,0.4
2017.01.06 19:37:44,64.3,-14.6,0.0,1030.4,0.0,1.9,0.0,199.8,0.0
2017.01.06 20:37:44,64.5,-15.5,0.0,1030.1,0.0,2.0,0.0,250.7,0.0
2017.01.06 21:37:44,62.8,-16.2,0.0,1030.0,0.0,2.0,0.0,243.3,0.0
2017.01.06 22:37:45,63.8,-15.8,0.0,1029.7,0.0,2.0,0.0,220.3,0.0
2017.01.06 23:37:45,60.9,-16.5,0.0,1029.8,0.0,2.0,0.0,320.2,0.0
2017.01.07 00:37:45,60.5,-16.8,0.0,1029.5,0.0,2.0,0.0,151.3,0.0
2017.01.07 01:37:45,59.4,-17.0,0.0,1029.2,0.0,2.0,0.0,199.3,0.0
2017.01.07 02:37:45,57.8,-17.5,0.0,1029.0,0.0,2.0,0.0,316.8,0.0
2017.01.07 03:37:45,55.6,-18.6,0.0,1028.6,0.0,1.9,0.0,307.2,0.0
2017.01.07 04:37:45,56.1,-18.6,0.0,1028.3,0.0,1.9,0.0,193.0,0.0
2017.01.07 05:37:45,55.3,-18.4,0.0,1028.1,0.0,2.0,0.0,319.9,0.0
2017.01.07 06:37:45,55.0,-19.1,0.0,1027.9,0.0,2.0,0.0,300.9,0.0
2017.01.07 07:37:45,54.8,-19.1,0.0,1027.7,0.0,2.1,0.0,284.6,0.0
2017.01.07 08:37:45,55.8,-18.0,0.0,1027.6,11.2,40.7,0.1,298.3,0.0
2017.01.07 09:37:46,66.7,-13.7,0.0,1027.4,63.1,221.1,1.0,335.5,0.0
2017.01.07 10:37:46,67.3,-11.6,0.0,1027.1,89.4,400.6,1.1,294.2,0.0
2017.01.07 11:37:46,69.4,-10.2,0.0,1026.7,113.2,521.2,1.3,336.8,0.0
2017.01.07 12:37:46,65.9,-8.9,0.0,1026.0,134.2,616.5,2.0,262.0,0.0
2017.01.07 13:37:46,53.1,-7.6,0.0,1025.0,120.8,530.7,1.5,86.8,1.0
2017.01.07 14:37:46,49.4,-8.3,0.0,1024.6,86.4,366.6,1.0,219.8,3.4
2017.01.07 15:37:46,51.8,-8.4,0.0,1024.5,48.6,190.1,1.0,273.0,0.0
2017.01.07 16:37:46,50.7,-8.5,0.0,1023.9,16.0,57.2,0.2,182.3,0.6
2017.01.07 17:37:46,54.4,-8.7,0.0,1023.7,0.0,2.9,0.0,244.8,0.4
2017.01.07 18:37:46,54.8,-8.8,0.0,1023.3,0.0,2.0,0.0,224.5,1.2
2017.01.07 19:37:47,58.0,-8.3,0.0,1023.0,0.0,2.0,0.0,261.8,1.4
2017.01.07 20:37:47,61.4,-8.3,0.0,1022.9,0.0,2.0,0.0,261.7,0.3
2017.01.07 21:37:47,69.3,-7.7,0.0,1022.4,0.0,1.9,0.0,216.8,3.3
2017.01.07 22:37:47,74.6,-6.5,0.0,1021.9,0.0,2.0,0.0,220.5,4.3
2017.01.07 23:37:47,75.0,-6.3,0.0,1021.2,0.0,2.0,0.0,214.2,4.9
2017.01.08 00:37:47,75.6,-6.0,0.0,1020.4,0.0,2.0,0.0,212.0,4.1
2017.01.08 01:37:47,75.2,-5.0,0.0,1019.7,0.0,2.0,0.0,224.3,1.8
2017.01.08 02:37:47,75.2,-4.9,0.0,1018.7,0.0,1.9,0.0,224.3,0.7
2017.01.08 03:37:47,76.0,-4.4,0.0,1018.4,0.0,1.9,0.0,238.0,3.3
2017.01.08 04:37:47,76.0,-4.2,0.0,1018.5,0.0,1.9,0.0,247.0,5.4
2017.01.08 05:37:48,75.8,-4.3,0.0,1018.6,0.0,2.0,0.0,251.8,5.4
2017.01.08 06:37:48,76.5,-4.2,0.0,1018.7,0.0,2.0,0.0,245.1,0.4
2017.01.08 07:37:48,76.3,-4.0,0.0,1018.8,0.0,1.9,0.0,250.5,0.0
2017.01.08 08:37:48,75.8,-3.9,0.0,1019.8,2.7,8.8,0.0,247.0,0.0
2017.01.08 09:37:48,75.0,-3.8,0.0,1020.4,28.5,59.4,0.0,246.3,0.0
2017.01.08 10:37:48,74.2,-3.3,0.0,1020.6,51.4,95.6,0.4,257.3,0.0
2017.01.08 11:37:48,74.4,-3.0,0.0,1020.6,79.6,152.8,1.0,246.7,0.0
2017.01.08 12:37:48,73.2,-2.7,0.0,1020.5,75.5,138.5,1.0,247.7,0.0
2017.01.08 13:37:48,73.1,-2.5,0.0,1020.5,66.8,117.8,1.0,256.3,0.0
2017.01.08 14:37:48,73.7,-2.4,0.0,1020.6,50.2,88.9,0.3,258.9,0.0
2017.01.08 15:37:48,74.8,-2.3,0.0,1021.0,35.4,68.4,0.0,237.2,0.0
2017.01.08 16:37:49,76.1,-2.5,0.0,1021.6,9.1,21.3,0.0,232.8,0.0
2017.01.08 17:37:49,77.0,-2.6,0.0,1022.0,0.0,2.3,0.0,227.3,0.0
2017.01.08 18:37:49,77.0,-2.5,0.0,1022.1,0.0,1.8,0.0,237.3,1.0
2017.01.08 19:37:49,77.8,-2.1,0.0,1022.4,0.0,1.9,0.0,244.5,1.2
2017.01.08 20:37:49,81.0,-1.9,0.0,1022.3,0.0,1.8,0.0,240.7,1.2
2017.01.08 21:37:49,81.3,-1.8,0.0,1022.5,0.0,2.0,0.0,259.7,0.6
2017.01.08 22:37:49,81.8,-1.8,0.0,1022.6,0.0,2.0,0.0,249.8,1.6
2017.01.08 23:37:49,81.3,-1.8,0.0,1022.6,0.0,1.9,0.0,269.4,0.9
2017.01.09 00:37:49,82.0,-1.8,0.0,1022.3,0.0,2.0,0.0,255.9,1.3
2017.01.09 01:37:49,82.0,-1.8,0.0,1022.3,0.0,1.8,0.0,253.0,0.5
2017.01.09 02:37:50,82.0,-1.8,0.0,1022.0,0.0,1.9,0.0,243.8,1.1
2017.01.09 03:37:50,82.0,-1.8,0.0,1022.0,0.0,2.0,0.0,274.2,0.6
2017.01.09 04:37:50,82.0,-1.9,0.0,1022.0,0.0,1.9,0.0,275.3,0.0
2017.01.09 05:37:50,81.7,-2.0,0.0,1021.6,0.0,2.0,0.0,243.7,1.7
2017.01.09 06:37:50,78.3,-2.1,0.0,1021.5,0.0,1.9,0.0,258.0,0.3
2017.01.09 07:37:50,78.0,-2.2,0.0,1021.6,0.0,1.9,0.0,273.8,0.1
2017.01.09 08:37:50,78.0,-2.3,0.0,1021.2,5.6,15.8,0.0,266.9,0.1
2017.01.09 09:37:50,77.8,-2.1,0.0,1021.0,32.7,86.3,0.3,254.9,0.2
2017.01.09 10:37:50,78.8,-1.9,0.0,1020.7,75.5,157.9,1.0,246.1,0.6
2017.01.09 11:37:50,75.3,-1.3,0.0,1020.5,100.3,235.8,1.0,266.4,0.0
2017.01.09 12:37:51,73.3,-1.0,0.0,1019.8,115.7,383.4,1.0,245.2,0.2
2017.01.09 13:37:51,73.1,-0.9,0.0,1019.1,123.5,400.5,1.0,249.8,0.4
2017.01.09 14:37:51,73.9,-1.2,0.0,1018.7,92.5,245.8,1.0,240.2,0.9
2017.01.09 15:37:51,73.6,-1.2,0.0,1018.3,75.8,162.1,1.0,244.7,0.0
2017.01.09 16:37:51,74.3,-1.7,0.0,1017.7,22.7,50.5,0.1,192.8,0.0
2017.01.09 17:37:51,74.4,-2.5,0.0,1017.4,0.2,3.2,0.0,98.2,0.0
2017.01.09 18:37:51,77.0,-2.8,0.0,1016.9,0.0,2.0,0.0,84.8,0.0
2017.01.09 19:37:51,77.8,-2.9,0.0,1016.5,0.0,2.0,0.0,162.4,0.0
2017.01.09 20:37:51,77.2,-3.1,0.0,1015.9,0.0,2.0,0.0,221.8,0.3
2017.01.09 21:37:51,78.4,-3.2,0.0,1015.3,0.0,2.0,0.0,224.9,0.0
2017.01.09 22:37:51,78.9,-3.5,0.0,1014.7,0.0,1.9,0.0,267.3,0.0
2017.01.09 23:37:52,79.0,-3.6,0.0,1014.0,0.0,2.0,0.0,293.8,0.0
2017.01.10 00:37:52,78.6,-3.4,0.0,1013.2,0.0,2.0,0.0,146.5,0.0
2017.01.10 01:37:52,77.8,-3.7,0.0,1012.5,0.0,2.0,0.0,211.6,0.0
2017.01.10 02:37:52,78.8,-3.8,0.0,1011.5,0.0,2.0,0.0,241.6,0.0
2017.01.10 03:37:52,78.8,-3.9,0.0,1010.9,0.0,1.8,0.0,259.8,0.0
2017.01.10 04:37:52,76.0,-3.8,0.0,1010.2,0.0,2.0,0.0,139.8,0.5
2017.01.10 05:37:52,71.8,-3.3,0.0,1009.3,0.0,2.0,0.0,63.9,6.1
2017.01.10 06:37:52,70.7,-3.4,0.0,1008.3,0.0,2.0,0.0,133.9,3.4
2017.01.10 07:37:52,73.1,-4.1,0.0,1007.7,0.0,2.1,0.0,60.8,10.5
2017.01.10 08:37:52,77.3,-5.0,0.0,1007.6,10.8,40.3,0.1,64.4,9.2
2017.01.10 09:37:53,74.5,-4.8,0.0,1007.1,56.3,206.2,1.0,63.2,8.1
2017.01.10 10:37:53,69.1,-4.0,0.0,1006.6,104.4,437.7,1.0,57.6,6.4
2017.01.10 11:37:53,67.3,-3.7,0.0,1006.1,130.9,602.5,1.9,70.7,10.6
2017.01.10 12:37:53,70.0,-4.2,0.0,1005.5,143.0,667.3,2.0,58.4,13.5
2017.01.10 13:37:53,72.3,-4.9,0.0,1004.6,136.6,557.3,1.6,59.7,14.1
2017.01.10 14:37:53,73.0,-5.4,0.0,1004.4,134.6,398.5,1.0,57.3,12.5
2017.01.10 15:37:53,74.2,-5.9,0.0,1004.3,150.2,249.0,1.0,60.3,15.0
2017.01.10 16:37:53,74.2,-6.5,0.0,1004.5,39.8,78.9,0.3,66.3,15.5
2017.01.10 17:37:53,71.0,-7.2,0.0,1004.9,0.5,4.0,0.0,90.9,11.3
2017.01.10 18:37:53,70.5,-7.5,0.0,1005.3,0.0,2.0,0.0,84.8,7.5
2017.01.10 19:37:54,70.4,-7.2,0.0,1005.4,0.0,1.9,0.0,54.6,9.9
2017.01.10 20:37:54,69.3,-7.9,0.0,1005.7,0.0,2.0,0.0,67.6,12.8
2017.01.10 21:37:54,69.2,-8.0,0.0,1006.2,0.0,1.9,0.0,69.3,9.2
2017.01.10 22:37:54,69.0,-7.7,0.0,1006.6,0.0,2.0,0.0,203.1,0.9
2017.01.10 23:37:54,69.0,-7.6,0.0,1007.1,0.0,1.9,0.0,223.1,0.0
2017.01.11 00:37:54,69.0,-7.6,0.0,1007.3,0.0,2.0,0.0,197.7,0.0
2017.01.11 01:37:54,68.8,-7.6,0.0,1007.7,0.0,2.0,0.0,270.3,0.0
2017.01.11 02:37:54,69.0,-7.5,0.0,1008.3,0.0,2.0,0.0,302.0,0.0
2017.01.11 03:37:54,68.5,-7.7,0.0,1008.8,0.0,2.0,0.0,254.0,0.0
2017.01.11 04:37:54,69.3,-7.6,0.0,1009.0,0.0,2.0,0.0,258.5,0.0
2017.01.11 05:37:54,70.2,-7.6,0.0,1008.9,0.0,1.9,0.0,262.5,0.0
2017.01.11 06:37:55,71.5,-7.5,0.0,1009.2,0.0,2.0,0.0,189.4,0.1
2017.01.11 07:37:55,76.3,-6.9,0.0,1009.9,0.0,2.1,0.0,159.2,0.0
2017.01.11 08:37:55,77.5,-6.6,0.0,1010.1,6.7,29.6,0.0,176.4,1.0
2017.01.11 09:37:55,75.9,-5.6,0.0,1010.2,48.0,161.2,0.9,232.2,0.3
2017.01.11 10:37:55,72.4,-4.7,0.0,1010.1,101.4,310.3,1.0,258.7,0.0
2017.01.11 11:37:55,68.4,-3.8,0.0,1010.0,116.9,344.8,1.0,258.2,0.0
2017.01.11 12:37:55,69.2,-2.3,0.0,1008.8,132.7,399.0,1.0,196.6,4.1
2017.01.11 13:37:55,70.5,-1.4,0.0,1007.6,135.1,426.8,1.0,184.3,6.3
2017.01.11 14:37:55,67.2,-0.6,0.0,1006.6,106.7,338.1,1.0,206.0,9.5
2017.01.11 15:37:55,68.3,-0.1,0.0,1005.9,87.3,231.5,1.0,192.3,3.5
2017.01.11 16:37:56,71.3,-0.6,0.0,1004.9,18.2,64.9,0.2,167.7,0.5
2017.01.11 17:37:56,71.5,-1.5,0.0,1004.1,0.4,3.8,0.0,152.4,4.2
2017.01.11 18:37:56,68.0,-0.9,0.0,1002.9,0.0,2.0,0.0,176.0,10.1
2017.01.11 19:37:56,74.1,-0.9,0.0,1002.6,0.0,2.0,0.0,203.5,11.8
2017.01.11 20:37:56,82.7,-1.4,0.0,1002.3,0.0,1.8,0.0,209.1,15.5
2017.01.11 21:37:56,82.2,-0.0,0.0,1002.5,0.0,1.8,0.0,219.2,15.0
2017.01.11 22:37:56,80.3,1.5,0.0,1002.8,0.0,2.0,0.0,233.4,10.7
2017.01.11 23:37:56,80.0,1.8,0.0,1003.6,0.0,1.9,0.0,237.3,14.4
2017.01.12 00:37:56,78.3,2.5,0.0,1004.3,0.0,1.9,0.0,241.2,15.0
2017.01.12 01:37:56,79.3,2.2,0.3,1005.0,0.0,1.9,0.0,242.4,10.2
2017.01.12 02:37:57,78.6,2.0,0.0,1005.5,0.0,2.0,0.0,252.9,10.2
2017.01.12 03:37:57,80.9,1.5,0.0,1006.0,0.0,1.8,0.0,244.5,8.1
2017.01.12 04:37:57,80.4,1.8,0.0,1006.8,0.0,2.0,0.0,238.9,10.5
2017.01.12 05:37:57,79.1,1.6,0.0,1007.4,0.0,1.9,0.0,219.9,9.6
2017.01.12 06:37:57,80.0,1.6,0.0,1007.8,0.0,1.8,0.0,234.5,11.3
2017.01.12 07:37:57,79.8,1.7,0.0,1008.4,0.0,1.9,0.0,226.8,10.8
2017.01.12 08:37:57,79.0,1.9,0.3,1008.9,8.3,34.0,0.0,216.8,11.9
2017.01.12 09:37:57,76.9,2.1,0.0,1009.3,39.3,143.5,0.8,220.9,8.9
2017.01.12 10:37:57,75.5,2.3,0.3,1009.5,70.5,255.1,1.0,232.3,5.5
2017.01.12 11:37:57,74.7,2.6,0.0,1009.3,124.6,465.8,1.2,224.2,4.7
2017.01.12 12:37:57,78.3,3.3,0.0,1008.6,181.4,638.9,1.9,207.4,6.4
2017.01.12 13:37:57,74.9,4.3,0.0,1008.0,198.8,696.2,2.0,222.6,6.6
2017.01.12 14:37:58,73.8,4.5,0.0,1007.4,108.6,410.9,1.0,227.1,5.6
2017.01.12 15:37:58,74.1,4.3,0.0,1006.9,78.6,281.2,1.0,221.4,6.1
2017.01.12 16:37:58,77.6,3.6,0.0,1006.0,28.1,86.8,0.4,211.8,5.1
2017.01.12 17:37:58,77.8,3.1,0.3,1005.3,0.5,4.8,0.0,201.2,3.4
2017.01.12 18:37:58,78.3,2.6,0.0,1004.1,0.0,1.9,0.0,169.3,2.3
2017.01.12 19:37:58,79.6,2.3,0.3,1002.6,0.0,1.9,0.0,102.7,0.4
2017.01.12 20:37:58,82.2,1.6,0.0,1000.7,0.0,2.0,0.0,190.3,0.0
2017.01.12 21:37:58,82.8,1.5,0.0,998.4,0.0,1.8,0.0,228.3,1.8
2017.01.12 22:37:58,80.5,1.7,0.0,996.6,0.0,1.9,0.0,181.3,1.3
2017.01.12 23:37:58,77.7,2.1,0.0,994.7,0.0,1.9,0.0,67.2,10.7
2017.01.13 00:37:59,74.3,2.5,0.0,993.6,0.0,1.9,0.0,85.2,8.8
2017.01.13 01:37:59,78.3,2.0,0.0,993.2,0.0,1.9,0.0,116.9,3.8
2017.01.13 02:37:59,79.3,1.7,0.0,992.2,0.0,2.0,0.0,177.8,3.9
2017.01.13 03:37:59,79.5,1.6,0.0,990.1,0.0,1.8,0.0,133.2,1.0
2017.01.13 04:37:59,77.1,1.8,1.5,991.1,0.0,2.0,0.0,222.2,7.6
2017.01.13 05:37:59,75.3,2.9,0.6,992.3,0.0,1.9,0.0,220.1,13.8
2017.01.13 06:37:59,68.7,3.8,0.0,992.4,0.0,2.0,0.0,237.0,20.6
2017.01.13 07:37:59,66.3,3.3,0.0,992.9,0.0,2.1,0.0,231.8,14.1
2017.01.13 08:37:59,61.3,3.4,0.0,994.2,3.3,20.3,0.0,228.3,18.4
2017.01.13 09:37:59,59.5,3.1,0.0,995.4,27.5,103.8,0.5,240.3,14.1
2017.01.13 10:37:59,55.0,2.8,0.0,995.9,75.0,288.7,1.0,232.3,20.3
2017.01.13 11:38:00,49.0,2.5,0.0,996.2,121.7,481.8,1.3,228.9,18.1
2017.01.13 12:38:00,47.7,2.3,0.0,996.3,116.7,466.8,1.0,227.3,22.7
2017.01.13 13:38:00,48.3,1.8,0.0,996.2,110.8,429.1,1.0,231.0,19.9
2017.01.13 14:38:00,48.7,1.6,0.0,996.4,95.4,355.0,1.0,243.4,12.5
2017.01.13 15:38:00,48.3,1.4,0.0,996.7,47.1,173.3,1.0,239.2,13.0
2017.01.13 16:38:00,50.2,0.8,0.0,997.2,11.5,49.5,0.0,265.4,12.8
2017.01.13 17:38:00,70.3,-0.7,0.0,998.3,0.0,3.2,0.0,263.4,7.4
2017.01.13 18:38:00,74.4,-1.1,0.0,998.4,0.0,2.0,0.0,248.8,9.6
2017.01.13 19:38:00,73.9,-1.3,0.0,998.6,0.0,2.0,0.0,233.6,10.8
2017.01.13 20:38:00,80.5,-1.7,0.0,998.8,0.0,2.0,0.0,235.7,9.3
2017.01.13 21:38:01,82.6,-1.9,0.0,999.0,0.0,1.8,0.0,233.9,10.6
2017.01.13 22:38:01,83.5,-1.9,0.0,999.2,0.0,2.0,0.0,243.0,7.8
2017.01.13 23:38:01,83.8,-1.8,0.0,999.8,0.0,2.0,0.0,238.0,9.7
2017.01.14 00:38:01,81.7,-1.9,0.0,1000.2,0.0,2.0,0.0,248.8,6.7
2017.01.14 01:38:01,73.6,-2.1,0.0,1000.2,0.0,2.0,0.0,227.9,9.1
2017.01.14 02:38:01,69.8,-2.8,0.0,1000.0,0.0,2.0,0.0,226.6,4.3
2017.01.14 03:38:01,71.3,-3.9,0.0,1000.0,0.0,1.8,0.0,208.8,3.8
2017.01.14 04:38:01,64.4,-2.4,0.0,999.7,0.0,2.0,0.0,226.0,6.9
2017.01.14 05:38:01,63.7,-1.9,0.0,999.3,0.0,1.9,0.0,217.6,3.4
2017.01.14 06:38:01,60.9,-1.6,0.0,999.2,0.0,1.9,0.0,213.5,10.2
2017.01.14 07:38:02,70.6,-1.1,0.0,999.5,0.0,2.1,0.0,218.9,13.6
2017.01.14 08:38:02,79.3,-1.5,0.0,1000.1,3.7,19.8,0.0,230.5,10.8
2017.01.14 09:38:02,79.3,-0.9,0.0,1000.6,24.9,89.8,0.5,227.8,11.0
2017.01.14 10:38:02,82.1,-0.5,0.0,1001.1,42.0,152.3,0.9,235.4,14.5
2017.01.14 11:38:02,82.7,-0.2,0.0,1001.7,95.2,350.3,1.0,248.3,16.1
2017.01.14 12:38:02,81.7,-0.1,0.0,1002.3,88.1,329.5,1.0,244.5,18.7
2017.01.14 13:38:02,83.8,-0.4,0.0,1003.1,73.6,275.1,1.0,260.7,10.1
2017.01.14 14:38:02,84.0,-0.8,0.0,1003.8,81.6,294.2,1.0,255.6,13.1
2017.01.14 15:38:02,84.6,-0.7,0.0,1004.6,48.0,188.2,1.0,242.3,10.4
2017.01.14 16:38:02,84.3,-0.9,0.0,1005.2,11.8,63.4,0.3,242.5,7.6
2017.01.14 17:38:02,84.5,-1.2,0.0,1005.8,0.1,3.6,0.0,234.8,11.0
2017.01.14 18:38:03,81.6,-1.7,0.0,1006.6,0.0,2.0,0.0,236.5,7.7
2017.01.14 19:38:03,77.4,-2.0,0.0,1007.2,0.0,2.0,0.0,249.2,9.6
2017.01.14 20:38:03,74.9,-2.0,0.0,1007.7,0.0,1.9,0.0,237.8,9.2
2017.01.14 21:38:03,75.2,-1.9,0.0,1008.1,0.0,1.8,0.0,231.8,10.9
2017.01.14 22:38:03,74.2,-1.8,0.0,1008.5,0.0,2.0,0.0,249.5,7.2
2017.01.14 23:38:03,74.9,-1.8,0.0,1008.7,0.0,2.0,0.0,249.9,8.2
2017.01.15 00:38:03,78.3,-2.1,0.0,1008.8,0.0,2.0,0.0,232.8,9.9
2017.01.15 01:38:03,77.8,-2.3,0.0,1008.9,0.0,1.8,0.0,222.6,9.3
2017.01.15 02:38:03,73.6,-2.6,0.0,1008.9,0.0,2.0,0.0,212.3,6.5
2017.01.15 03:38:03,68.4,-2.4,0.0,1009.3,0.0,2.0,0.0,229.0,8.0
2017.01.15 04:38:04,66.9,-2.0,0.0,1009.3,0.0,2.0,0.0,229.7,13.9
2017.01.15 05:38:04,72.2,-2.5,0.0,1009.5,0.0,2.0,0.0,227.3,12.8
2017.01.15 06:38:04,68.6,-2.4,0.0,1009.9,0.0,2.0,0.0,224.8,10.2
2017.01.15 07:38:04,66.6,-2.2,0.0,1010.4,0.0,2.2,0.0,228.9,11.4
2017.01.15 08:38:04,75.8,-2.9,0.0,1011.2,12.8,57.3,0.3,230.8,10.6
2017.01.15 09:38:04,72.2,-2.7,0.0,1012.0,43.4,182.8,1.0,231.0,7.5
2017.01.15 10:38:04,70.1,-2.1,0.0,1012.4,76.0,300.8,1.1,235.3,9.6
2017.01.15 11:38:04,73.5,-2.4,0.0,1012.6,145.2,608.8,1.5,243.3,11.5
2017.01.15 12:38:04,72.3,-1.6,0.0,1012.5,132.8,526.6,1.6,229.9,10.2
2017.01.15 13:38:04,73.6,-1.7,0.0,1012.5,119.9,515.2,1.6,246.8,7.4
2017.01.15 14:38:05,67.0,-1.2,0.0,1012.4,190.2,559.8,1.6,248.3,5.3
2017.01.15 15:38:05,65.2,-1.3,0.0,1012.6,62.8,275.8,1.0,236.8,7.8
2017.01.15 16:38:05,69.4,-2.1,0.0,1012.8,17.7,84.2,0.4,233.8,4.8
2017.01.15 17:38:05,72.3,-2.5,0.0,1013.1,0.1,3.6,0.0,245.4,1.8
2017.01.15 18:38:05,75.1,-3.2,0.0,1013.3,0.0,2.0,0.0,227.7,1.1
2017.01.15 19:38:05,74.4,-3.2,0.0,1013.6,0.0,1.9,0.0,245.9,3.2
2017.01.15 20:38:05,74.6,-3.6,0.0,1013.6,0.0,1.9,0.0,218.9,0.2
2017.01.15 21:38:05,74.6,-3.5,0.0,1013.5,0.0,2.0,0.0,211.5,1.1
2017.01.15 22:38:05,76.3,-4.2,0.0,1013.5,0.0,2.0,0.0,207.8,0.1
2017.01.15 23:38:05,75.9,-4.0,0.0,1013.4,0.0,2.0,0.0,213.5,0.6
2017.01.16 00:38:05,74.3,-3.7,0.0,1013.3,0.0,2.0,0.0,208.5,1.3
2017.01.16 01:38:06,73.8,-3.6,0.0,1012.9,0.0,1.9,0.0,214.9,2.4
2017.01.16 02:38:06,75.2,-3.8,0.0,1012.8,0.0,1.9,0.0,216.7,1.7
2017.01.16 03:38:06,74.8,-3.4,0.0,1012.7,0.0,1.9,0.0,224.5,3.1
2017.01.16 04:38:06,74.3,-3.3,0.0,1012.5,0.0,2.0,0.0,259.1,0.9
2017.01.16 05:38:06,74.9,-3.4,0.0,1012.5,0.0,2.0,0.0,254.3,0.5
2017.01.16 06:38:06,74.0,-3.5,0.0,1012.6,0.0,2.0,0.0,231.0,0.8
2017.01.16 07:38:06,74.1,-3.7,0.0,1013.0,0.0,2.2,0.0,228.3,0.9
2017.01.16 08:38:06,74.6,-4.2,0.0,1013.5,9.0,31.3,0.0,258.1,0.0
2017.01.16 09:38:06,73.7,-3.6,0.0,1013.8,53.7,146.5,0.8,286.7,0.0
2017.01.16 10:38:06,69.5,-3.3,0.0,1014.0,110.6,286.3,1.0,234.8,0.0
2017.01.16 11:38:07,67.3,-2.6,0.0,1014.0,156.1,693.9,1.9,265.4,0.3
2017.01.16 12:38:07,64.5,-1.7,0.0,1014.0,173.0,810.3,2.0,297.4,0.0
2017.01.16 13:38:07,62.7,-1.2,0.3,1013.9,131.8,569.3,1.5,264.3,0.0
2017.01.16 14:38:07,66.2,-1.9,0.0,1013.9,90.1,290.7,1.0,266.1,0.0
2017.01.16 15:38:07,67.7,-2.3,0.0,1014.1,68.5,162.9,1.0,292.0,0.0
2017.01.16 16:38:07,69.0,-2.9,0.0,1014.6,20.3,56.5,0.1,286.5,0.0
2017.01.16 17:38:07,73.9,-4.5,0.0,1015.1,0.6,4.1,0.0,262.8,0.0
2017.01.16 18:38:07,76.3,-4.9,0.0,1015.6,0.0,2.0,0.0,351.7,0.0
2017.01.16 19:38:07,77.7,-5.1,0.0,1016.0,0.0,1.9,0.0,297.8,0.0
2017.01.16 20:38:07,77.2,-4.9,0.0,1016.4,0.0,2.0,0.0,49.3,0.0
2017.01.16 21:38:08,77.0,-4.7,0.0,1016.9,0.0,2.0,0.0,53.4,0.0
2017.01.16 22:38:08,77.3,-4.8,0.0,1017.2,0.0,2.0,0.0,61.8,0.0
2017.01.16 23:38:08,78.1,-5.0,0.0,1017.4,0.0,2.0,0.0,27.3,0.0
2017.01.17 00:38:08,78.4,-5.1,0.0,1017.6,0.0,2.0,0.0,247.8,0.0
2017.01.17 01:38:08,74.0,-6.8,0.0,1017.9,0.0,1.9,0.0,258.3,0.0
2017.01.17 02:38:08,73.3,-7.3,0.0,1018.1,0.0,1.8,0.0,222.6,0.0
2017.01.17 03:38:08,76.1,-6.9,0.0,1018.3,0.0,1.8,0.0,237.8,0.0
2017.01.17 04:38:08,77.0,-6.1,0.0,1018.5,0.0,2.0,0.0,233.3,0.0
2017.01.17 05:38:08,77.1,-5.3,0.0,1018.8,0.0,2.0,0.0,282.0,0.0
2017.01.17 06:38:08,77.7,-4.7,0.0,1019.3,0.0,1.9,0.0,233.0,0.0
2017.01.17 07:38:08,77.1,-5.5,0.0,1020.1,0.0,2.1,0.0,308.4,0.0
2017.01.17 08:38:09,77.0,-5.7,0.0,1020.8,6.8,17.5,0.0,335.0,0.0
2017.01.17 09:38:09,75.7,-5.3,0.0,1021.3,28.6,69.8,0.0,278.1,0.0
2017.01.17 10:38:09,71.0,-4.8,0.0,1021.8,81.5,161.8,0.9,314.2,0.0
2017.01.17 11:38:09,66.0,-3.8,0.0,1022.3,107.2,223.6,1.0,120.6,0.0
2017.01.17 12:38:09,64.0,-3.6,0.0,1022.2,93.1,232.7,1.0,74.4,0.0
2017.01.17 13:38:09,63.6,-4.0,0.0,1022.3,96.3,247.8,1.0,100.3,0.0
2017.01.17 14:38:09,64.3,-4.0,0.0,1022.4,78.0,221.9,1.0,44.3,0.0
2017.01.17 15:38:09,64.0,-4.2,0.0,1022.8,47.5,170.8,1.0,15.9,0.5
2017.01.17 16:38:09,63.5,-4.7,0.0,1023.3,22.5,82.2,0.4,79.8,2.2
2017.01.17 17:38:09,65.9,-5.5,0.0,1023.5,0.8,6.0,0.0,163.2,2.7
2017.01.17 18:38:10,68.3,-6.2,0.0,1024.0,0.0,2.0,0.0,157.6,3.1
2017.01.17 19:38:10,68.8,-6.9,0.0,1024.5,0.0,2.0,0.0,150.0,0.5
2017.01.17 20:38:10,69.8,-8.4,0.0,1024.8,0.0,1.9,0.0,48.3,0.3
2017.01.17 21:38:10,69.2,-7.8,0.0,1025.1,0.0,2.0,0.0,209.0,0.0
2017.01.17 22:38:10,72.3,-6.7,0.0,1025.0,0.0,2.0,0.0,107.1,0.1
2017.01.17 23:38:10,72.3,-6.2,0.0,1025.2,0.0,2.0,0.0,151.7,0.5
2017.01.18 00:38:10,72.3,-6.0,0.0,1025.2,0.0,2.0,0.0,95.0,0.5
2017.01.18 01:38:10,71.3,-6.0,0.0,1025.3,0.0,2.0,0.0,175.0,0.4
2017.01.18 02:38:10,68.8,-5.7,0.0,1025.4,0.0,2.0,0.0,141.9,1.1
2017.01.18 03:38:10,67.1,-5.4,0.0,1025.5,0.0,2.0,0.0,144.8,0.7
2017.01.18 04:38:10,67.7,-5.5,0.0,1025.0,0.0,2.0,0.0,84.9,0.2
2017.01.18 05:38:11,67.1,-5.8,0.0,1025.1,0.0,1.8,0.0,40.6,2.4
2017.01.18 06:38:11,68.1,-6.3,0.0,1025.2,0.0,2.0,0.0,65.6,2.2
2017.01.18 07:38:11,68.4,-6.4,0.0,1025.4,0.0,2.5,0.0,57.8,3.3
2017.01.18 08:38:11,66.9,-5.6,0.0,1025.6,10.2,47.8,0.0,52.8,5.7
2017.01.18 09:38:11,65.8,-5.3,0.0,1026.1,50.7,194.8,1.0,65.8,4.8
2017.01.18 10:38:11,64.1,-4.8,0.0,1026.3,139.4,523.4,1.5,57.5,4.8
2017.01.18 11:38:11,62.8,-4.3,0.0,1026.2,174.1,773.9,2.0,72.7,8.6
2017.01.18 12:38:11,61.8,-4.3,0.0,1025.9,150.3,714.3,2.0,56.3,15.0
2017.01.18 13:38:11,60.2,-4.4,0.0,1025.6,144.1,621.3,2.0,51.9,16.6
2017.01.18 14:38:11,58.8,-4.2,0.0,1025.5,132.8,567.7,1.8,49.3,11.6
2017.01.18 15:38:12,57.0,-4.3,0.0,1025.6,82.6,339.6,1.0,156.1,8.1
2017.01.18 16:38:12,58.1,-4.6,0.0,1025.8,32.5,125.5,0.6,169.1,6.7
2017.01.18 17:38:12,59.8,-4.8,0.0,1026.0,1.2,8.3,0.0,72.1,8.6
2017.01.18 18:38:12,61.1,-5.0,0.0,1026.1,0.0,1.9,0.0,64.7,7.4
2017.01.18 19:38:12,62.0,-5.2,0.0,1026.2,0.0,2.0,0.0,78.2,6.0
2017.01.18 20:38:12,62.2,-5.5,0.0,1026.3,0.0,1.9,0.0,96.5,5.9
2017.01.18 21:38:12,62.4,-5.6,0.0,1026.2,0.0,2.0,0.0,119.2,5.6
2017.01.18 22:38:12,63.8,-6.1,0.0,1025.8,0.0,2.0,0.0,90.4,5.1
2017.01.18 23:38:12,62.8,-6.5,0.0,1025.5,0.0,2.0,0.0,151.7,2.0
2017.01.19 00:38:12,61.2,-7.5,0.0,1025.3,0.0,2.0,0.0,125.8,4.5
2017.01.19 01:38:12,63.5,-7.7,0.0,1025.1,0.0,1.9,0.0,68.9,10.6
2017.01.19 02:38:13,67.1,-7.7,0.0,1025.2,0.0,1.9,0.0,67.0,10.8
2017.01.19 03:38:13,69.0,-8.3,0.0,1025.2,0.0,1.9,0.0,68.3,8.7
2017.01.19 04:38:13,69.0,-8.5,0.0,1025.3,0.0,1.8,0.0,57.1,11.5
2017.01.19 05:38:13,69.2,-8.9,0.0,1025.1,0.0,2.0,0.0,67.2,8.5
2017.01.19 06:38:13,69.6,-9.2,0.0,1025.0,0.0,1.8,0.0,100.7,6.5
2017.01.19 07:38:13,69.5,-9.4,0.0,1025.2,0.0,2.3,0.0,96.8,11.3
2017.01.19 08:38:13,69.0,-9.5,0.0,1025.4,13.8,57.3,0.2,71.9,12.9
2017.01.19 09:38:13,67.1,-9.3,0.0,1025.8,65.6,265.6,1.0,88.9,10.3
2017.01.19 10:38:13,60.5,-8.3,0.0,1025.8,100.6,550.2,1.5,112.2,6.9
2017.01.19 11:38:13,60.2,-7.4,0.0,1025.7,124.2,777.4,2.0,73.3,12.5
2017.01.19 12:38:13,61.2,-6.8,0.0,1025.3,149.1,881.5,2.0,58.6,10.0
2017.01.19 13:38:14,60.4,-6.2,0.0,1024.9,148.6,758.7,2.0,79.8,12.8
2017.01.19 14:38:14,58.5,-5.7,0.0,1024.6,155.3,536.1,1.5,85.1,8.9
2017.01.19 15:38:14,58.3,-5.3,0.0,1024.6,222.5,354.9,1.0,79.2,7.2
2017.01.19 16:38:14,59.8,-5.6,0.0,1024.5,91.3,138.7,0.7,140.6,6.4
2017.01.19 17:38:14,62.5,-6.5,0.0,1024.2,2.6,10.6,0.0,54.0,15.6
2017.01.19 18:38:14,62.3,-6.5,0.0,1024.3,0.0,2.0,0.0,62.3,24.8
2017.01.19 19:38:14,62.0,-6.3,0.0,1024.4,0.0,1.8,0.0,67.8,28.3
2017.01.19 20:38:14,61.4,-6.7,0.0,1024.4,0.0,2.0,0.0,59.8,23.9
2017.01.19 21:38:14,60.3,-7.0,0.0,1024.7,0.0,2.0,0.0,70.7,20.4
2017.01.19 22:38:14,59.9,-7.7,0.0,1024.9,0.0,2.0,0.0,65.3,10.4
2017.01.19 23:38:15,61.5,-8.1,0.0,1024.7,0.0,2.0,0.0,89.5,18.5
2017.01.20 00:38:15,62.0,-8.3,0.0,1024.5,0.0,2.0,0.0,66.8,18.0
2017.01.20 01:38:15,63.2,-8.7,0.0,1024.5,0.0,2.0,0.0,56.2,7.1
2017.01.20 02:38:15,64.3,-9.0,0.0,1024.4,0.0,2.0,0.0,73.1,11.3
2017.01.20 03:38:15,65.3,-9.1,0.0,1024.2,0.0,1.9,0.0,134.8,7.4
2017.01.20 04:38:15,65.6,-9.6,0.0,1024.0,0.0,1.9,0.0,55.3,12.0
2017.01.20 05:38:15,64.9,-9.7,0.0,1023.9,0.0,1.8,0.0,75.1,9.9
2017.01.20 06:38:15,64.8,-9.6,0.0,1023.7,0.0,2.0,0.0,79.0,12.2
2017.01.20 07:38:15,65.1,-9.4,0.0,1023.7,0.0,2.3,0.0,103.1,14.1
2017.01.20 08:38:15,66.0,-9.4,0.0,1023.9,16.1,62.3,0.3,169.7,4.0
2017.01.20 09:38:16,62.3,-8.8,0.0,1024.0,65.8,291.8,1.0,75.5,16.3
2017.01.20 10:38:16,60.1,-7.9,0.0,1024.2,100.3,571.5,1.7,69.7,12.2
2017.01.20 11:38:16,61.2,-6.8,0.0,1024.2,126.9,791.8,2.0,74.9,8.0
2017.01.20 12:38:16,60.0,-5.9,0.0,1023.9,154.0,888.3,2.0,79.5,8.5
2017.01.20 13:38:16,58.8,-5.1,0.0,1023.5,151.0,760.5,2.0,94.8,7.9
2017.01.20 14:38:16,57.7,-4.5,0.0,1023.2,159.6,534.8,1.5,56.4,8.5
2017.01.20 15:38:16,55.3,-4.0,0.0,1023.0,236.3,356.6,1.0,127.8,5.0
2017.01.20 16:38:16,57.4,-4.3,0.0,1023.1,101.1,141.0,0.7,58.0,7.3
2017.01.20 17:38:16,62.3,-5.9,0.0,1023.1,2.8,10.9,0.0,72.8,2.9
2017.01.20 18:38:16,61.7,-6.2,0.0,1023.1,0.0,2.0,0.0,138.5,4.7
2017.01.20 19:38:16,67.2,-8.5,0.0,1023.4,0.0,1.8,0.0,211.7,0.0
2017.01.20 20:38:17,69.1,-9.3,0.0,1023.1,0.0,1.8,0.0,191.7,1.6
2017.01.20 21:38:17,69.1,-9.8,0.0,1023.0,0.0,2.0,0.0,210.5,0.0
2017.01.20 22:38:17,68.4,-9.3,0.0,1023.0,0.0,2.0,0.0,135.7,2.0
2017.01.20 23:38:17,70.0,-10.4,0.0,1023.1,0.0,2.0,0.0,245.5,0.7
2017.01.21 00:38:17,69.2,-10.4,0.0,1023.0,0.0,1.9,0.0,207.3,1.6
2017.01.21 01:38:17,67.5,-12.0,0.0,1022.8,0.0,1.9,0.0,245.8,0.0
2017.01.21 02:38:17,65.1,-12.9,0.0,1022.5,0.0,1.9,0.0,167.2,0.0
2017.01.21 03:38:17,64.8,-13.2,0.0,1022.3,0.0,2.0,0.0,159.6,0.0
2017.01.21 04:38:17,63.5,-13.0,0.0,1022.3,0.0,1.9,0.0,311.5,0.0
2017.01.21 05:38:17,63.0,-13.6,0.0,1022.0,0.0,2.0,0.0,191.8,0.0
2017.01.21 06:38:18,63.0,-13.7,0.0,1022.0,0.0,1.8,0.0,158.3,0.0
2017.01.21 07:38:18,62.9,-13.7,0.0,1022.4,0.0,2.3,0.0,179.1,0.0
2017.01.21 08:38:18,62.5,-14.1,0.0,1022.8,13.6,47.5,0.1,354.2,0.0
2017.01.21 09:38:18,65.2,-12.8,0.0,1023.2,62.5,195.5,1.0,341.8,0.0
2017.01.21 10:38:18,70.1,-10.2,0.0,1023.4,110.0,478.3,1.3,318.5,0.0
2017.01.21 11:38:18,68.3,-6.1,0.0,1023.2,141.0,813.2,2.0,246.3,0.0
2017.01.21 12:38:18,58.3,-5.0,0.0,1022.6,163.9,880.2,2.0,205.8,0.0
2017.01.21 13:38:18,56.3,-4.5,0.3,1022.1,146.1,767.2,2.0,148.6,0.0
2017.01.21 14:38:18,58.3,-4.2,0.0,1021.5,165.2,555.1,1.6,267.3,0.0
2017.01.21 15:38:18,58.1,-3.7,0.0,1021.2,235.3,368.5,1.0,289.6,0.0
2017.01.21 16:38:19,62.8,-4.6,0.0,1021.1,97.2,147.5,0.8,116.4,0.6
2017.01.21 17:38:19,65.4,-6.6,0.0,1020.9,3.1,12.2,0.0,70.9,3.7
2017.01.21 18:38:19,65.9,-7.8,0.0,1021.0,0.0,2.0,0.0,117.0,8.6
2017.01.21 19:38:19,69.9,-8.9,0.0,1021.2,0.0,2.0,0.0,62.9,4.5
2017.01.21 20:38:19,67.6,-8.3,0.0,1021.0,0.0,1.9,0.0,102.5,3.9
2017.01.21 21:38:19,66.8,-8.2,0.0,1020.9,0.0,1.9,0.0,73.3,6.7
2017.01.21 22:38:19,67.8,-8.7,0.0,1020.8,0.0,1.8,0.0,194.5,3.0
2017.01.21 23:38:19,70.6,-11.2,0.0,1020.6,0.0,2.0,0.0,206.6,0.0
2017.01.22 00:38:19,64.2,-12.4,0.0,1020.3,0.0,2.0,0.0,233.9,0.0
2017.01.22 01:38:19,63.6,-13.0,0.0,1019.9,0.0,2.0,0.0,203.8,0.0
2017.01.22 02:38:19,63.1,-13.2,0.0,1019.7,0.0,1.9,0.0,255.8,0.0
2017.01.22 03:38:20,62.8,-14.0,0.0,1019.4,0.0,2.0,0.0,174.9,0.1
2017.01.22 04:38:20,62.5,-14.2,0.0,1018.9,0.0,2.0,0.0,293.5,0.0
2017.01.22 05:38:20,62.1,-14.7,0.0,1018.6,0.0,2.0,0.0,237.0,0.0
2017.01.22 06:38:20,62.0,-14.9,0.0,1018.5,0.0,2.0,0.0,250.0,0.0
2017.01.22 07:38:20,62.0,-14.9,0.0,1018.5,0.0,2.6,0.0,284.5,0.0
2017.01.22 08:38:20,61.9,-15.2,0.0,1018.7,16.0,65.0,0.3,243.1,0.0
2017.01.22 09:38:20,64.6,-13.6,0.0,1018.9,66.5,281.8,1.0,166.8,0.0
2017.01.22 10:38:20,69.9,-9.2,0.0,1018.7,110.6,552.8,1.6,143.1,0.0
2017.01.22 11:38:20,60.3,-6.7,0.0,1018.4,143.4,829.0,2.0,156.3,0.0
2017.01.22 12:38:20,51.8,-3.5,0.0,1017.9,171.5,933.2,2.0,294.7,0.1
2017.01.22 13:38:21,51.5,-2.2,0.3,1017.2,160.8,797.3,2.0,237.3,0.1
2017.01.22 14:38:21,53.2,-1.8,0.0,1016.7,171.9,564.0,1.7,258.8,0.1
2017.01.22 15:38:21,54.4,-1.9,0.0,1016.4,250.2,378.9,1.0,188.7,1.5
2017.01.22 16:38:21,56.3,-2.8,0.0,1016.1,116.2,155.0,0.8,140.4,1.7
2017.01.22 17:38:21,62.0,-4.7,0.0,1015.9,3.7,13.4,0.0,225.6,0.9
2017.01.22 18:38:21,63.3,-6.0,0.0,1016.0,0.0,1.9,0.0,167.2,2.5
2017.01.22 19:38:21,69.9,-8.9,0.0,1016.2,0.0,1.9,0.0,244.1,0.0
2017.01.22 20:38:21,70.2,-10.2,0.0,1016.2,0.0,1.9,0.0,176.8,0.0
2017.01.22 21:38:21,68.3,-11.5,0.0,1016.2,0.0,1.9,0.0,142.0,0.0
2017.01.22 22:38:21,65.9,-12.3,0.0,1016.0,0.0,1.9,0.0,205.8,0.2
2017.01.22 23:38:21,63.2,-12.7,0.0,1016.1,0.0,2.0,0.0,237.8,0.0
2017.01.23 00:38:22,62.6,-13.7,0.0,1016.3,0.0,2.0,0.0,278.7,0.0
2017.01.23 01:38:22,62.7,-13.9,0.0,1016.2,0.0,2.0,0.0,137.9,0.0
2017.01.23 02:38:22,62.0,-14.3,0.0,1016.5,0.0,2.0,0.0,223.0,0.0
2017.01.23 03:38:22,62.0,-14.3,0.0,1016.4,0.0,2.0,0.0,295.7,0.1
2017.01.23 04:38:22,61.9,-15.0,0.0,1016.3,0.0,2.0,0.0,245.7,0.0
2017.01.23 05:38:22,61.8,-15.4,0.0,1016.0,0.0,2.0,0.0,267.0,0.0
2017.01.23 06:38:22,61.8,-15.2,0.0,1016.0,0.0,1.9,0.0,335.3,0.0
2017.01.23 07:38:22,61.6,-15.7,0.0,1016.3,0.1,2.7,0.0,296.7,0.0
2017.01.23 08:38:22,61.6,-15.3,0.0,1016.3,16.2,65.9,0.3,291.6,0.0
2017.01.23 09:38:22,65.8,-12.9,0.0,1016.4,66.1,274.7,1.0,333.6,0.0
2017.01.23 10:38:22,74.6,-7.1,0.0,1016.5,108.4,581.9,1.6,231.6,0.0
2017.01.23 11:38:23,63.8,-5.9,0.0,1016.5,142.0,833.1,2.0,215.3,0.0
2017.01.23 12:38:23,49.3,-2.1,0.0,1016.2,173.9,922.4,2.0,273.0,0.0
2017.01.23 13:38:23,50.5,-3.0,0.3,1015.8,163.8,802.3,2.0,191.9,0.0
2017.01.23 14:38:23,51.0,-3.3,0.0,1015.4,179.0,578.7,1.8,203.7,0.0
2017.01.23 15:38:23,51.8,-3.4,0.0,1015.3,218.5,383.8,1.0,225.7,0.0
2017.01.23 16:38:23,53.6,-3.6,0.0,1015.3,88.5,155.3,0.8,334.3,0.0
2017.01.23 17:38:23,60.3,-7.4,0.0,1015.4,4.2,15.4,0.0,197.3,0.0
2017.01.23 18:38:23,68.8,-9.9,0.0,1015.7,0.0,2.0,0.0,99.2,0.0
2017.01.23 19:38:23,68.2,-10.8,0.0,1015.9,0.0,2.0,0.0,213.2,0.0
2017.01.23 20:38:23,64.7,-12.4,0.0,1016.1,0.0,2.0,0.0,135.4,0.0
2017.01.23 21:38:23,63.5,-13.1,0.0,1016.1,0.0,2.0,0.0,214.5,0.0
2017.01.23 22:38:24,62.8,-13.5,0.0,1016.0,0.0,1.9,0.0,222.2,0.0
2017.01.23 23:38:24,62.7,-15.0,0.0,1015.9,0.0,2.0,0.0,268.4,0.0
2017.01.24 00:38:24,62.2,-15.0,0.0,1015.8,0.0,2.0,0.0,105.5,0.0
2017.01.24 01:38:24,61.7,-15.0,0.0,1015.8,0.0,2.0,0.0,269.2,0.0
2017.01.24 02:38:24,62.7,-14.3,0.0,1016.0,0.0,1.9,0.0,241.1,0.0
2017.01.24 03:38:24,62.4,-13.5,0.0,1016.3,0.0,2.0,0.0,330.4,0.0
2017.01.24 04:38:24,64.5,-12.5,0.0,1016.3,0.0,1.9,0.0,245.5,0.0
2017.01.24 05:38:24,68.5,-11.5,0.0,1016.4,0.0,1.9,0.0,157.2,0.0
2017.01.24 06:38:24,68.4,-11.2,0.0,1016.7,0.0,2.0,0.0,302.7,0.0
2017.01.24 07:38:24,68.7,-10.7,0.0,1017.1,0.0,2.3,0.0,305.0,0.0
2017.01.24 08:38:24,69.4,-10.1,0.0,1017.8,8.2,31.4,0.0,297.5,0.0
2017.01.24 09:38:25,69.8,-9.7,0.0,1018.2,39.7,137.7,0.8,191.6,0.0
2017.01.24 10:38:25,69.6,-9.0,0.0,1018.5,75.7,256.8,1.0,172.8,0.0
2017.01.24 11:38:25,69.8,-8.5,0.0,1018.8,96.0,347.3,1.0,252.9,0.1
2017.01.24 12:38:25,69.9,-8.5,0.0,1018.8,101.2,375.2,1.0,260.2,0.0
2017.01.24 13:38:25,69.6,-8.4,0.0,1018.6,94.7,348.4,1.0,232.9,0.0
2017.01.24 14:38:25,69.2,-8.6,0.0,1018.6,76.5,276.3,1.0,239.8,0.0
2017.01.24 15:38:25,69.0,-8.7,0.0,1018.9,45.9,172.5,1.0,197.9,0.0
2017.01.24 16:38:25,69.0,-8.9,0.0,1019.2,15.9,65.4,0.2,166.7,0.0
2017.01.24 17:38:25,69.2,-9.0,0.0,1019.8,0.8,6.4,0.0,213.9,0.0
2017.01.24 18:38:25,69.9,-9.0,0.0,1020.2,0.0,2.0,0.0,148.3,0.0
2017.01.24 19:38:26,70.0,-9.3,0.0,1020.6,0.0,2.0,0.0,100.8,0.0
2017.01.24 20:38:26,70.0,-9.4,0.0,1020.7,0.0,2.0,0.0,267.7,0.0
2017.01.24 21:38:26,70.0,-9.2,0.0,1020.8,0.0,2.0,0.0,261.3,0.0
2017.01.24 22:38:26,70.0,-9.1,0.0,1021.0,0.0,2.0,0.0,312.8,0.0
2017.01.24 23:38:26,69.7,-9.0,0.0,1021.1,0.0,1.8,0.0,284.8,0.0
2017.01.25 00:38:26,69.8,-8.8,0.0,1021.0,0.0,2.0,0.0,210.1,0.0
2017.01.25 01:38:26,70.0,-8.6,0.0,1020.7,0.0,2.0,0.0,56.7,0.0
2017.01.25 02:38:26,70.0,-8.5,0.0,1020.6,0.0,1.9,0.0,84.1,3.2
2017.01.25 03:38:26,70.0,-8.5,0.0,1020.7,0.0,1.9,0.0,65.3,5.6
2017.01.25 04:38:26,70.0,-8.5,0.0,1020.7,0.0,2.0,0.0,50.1,7.8
2017.01.25 05:38:27,70.0,-8.4,0.0,1020.7,0.0,2.0,0.0,55.7,8.4
2017.01.25 06:38:27,70.0,-8.4,0.0,1020.7,0.0,2.0,0.0,57.3,5.9
2017.01.25 07:38:27,69.6,-8.2,0.0,1020.5,0.0,2.8,0.0,81.2,4.0
2017.01.25 08:38:27,69.0,-7.9,0.0,1020.6,14.1,60.1,0.3,120.8,2.0
2017.01.25 09:38:27,68.0,-7.6,0.0,1020.7,61.5,236.5,1.0,129.2,2.1
2017.01.25 10:38:27,70.0,-7.2,0.0,1021.0,111.2,460.6,1.1,70.3,5.6
2017.01.25 11:38:27,71.9,-6.6,0.0,1021.0,148.9,646.6,2.0,71.1,5.7
2017.01.25 12:38:27,71.4,-6.0,0.0,1020.4,159.6,689.5,2.0,56.8,7.2
2017.01.25 13:38:27,70.8,-5.3,0.0,1019.9,151.3,655.6,2.0,125.3,7.4
2017.01.25 14:38:27,70.0,-4.8,0.0,1019.7,116.7,492.3,1.1,45.3,8.9
2017.01.25 15:38:27,70.0,-4.5,0.0,1019.9,78.3,320.3,1.0,94.9,7.9
2017.01.25 16:38:28,69.3,-4.2,0.0,1020.1,25.6,106.0,0.5,47.5,12.0
2017.01.25 17:38:28,67.8,-4.1,0.0,1020.3,1.7,10.5,0.0,100.7,10.8
2017.01.25 18:38:28,66.6,-4.0,0.0,1020.4,0.0,1.9,0.0,58.9,8.9
2017.01.25 19:38:28,66.0,-4.0,0.0,1020.4,0.0,2.0,0.0,66.0,10.4
2017.01.25 20:38:28,66.2,-4.0,0.0,1020.6,0.0,2.0,0.0,85.6,11.5
2017.01.25 21:38:28,66.4,-3.9,0.0,1020.5,0.0,2.0,0.0,67.9,11.7
2017.01.25 22:38:28,65.6,-3.8,0.0,1020.5,0.0,2.0,0.0,56.9,10.3
2017.01.25 23:38:28,64.6,-3.9,0.0,1020.4,0.0,2.0,0.0,74.3,9.8
2017.01.26 00:38:28,64.3,-4.0,0.0,1020.2,0.0,1.9,0.0,63.2,13.1
2017.01.26 01:38:28,64.1,-4.0,0.0,1020.2,0.0,2.0,0.0,64.8,13.5
2017.01.26 02:38:29,64.3,-4.0,0.0,1020.2,0.0,2.0,0.0,83.2,9.0
2017.01.26 03:38:29,65.6,-4.1,0.0,1020.0,0.0,2.0,0.0,56.8,13.0
2017.01.26 04:38:29,65.9,-4.2,0.0,1019.7,0.0,2.0,0.0,62.5,12.1
2017.01.26 05:38:29,66.1,-4.3,0.0,1019.7,0.0,2.0,0.0,63.7,11.2
2017.01.26 06:38:29,66.7,-4.4,0.0,1019.5,0.0,2.0,0.0,65.8,8.4
2017.01.26 07:38:29,66.2,-4.5,0.0,1019.2,0.1,3.3,0.0,66.3,15.7
2017.01.26 08:38:29,66.0,-4.7,0.0,1019.1,18.1,74.8,0.3,66.0,13.2
2017.01.26 09:38:29,65.0,-4.8,0.0,1019.0,79.5,336.2,1.0,68.7,10.2
2017.01.26 10:38:29,60.8,-4.2,0.0,1018.9,116.3,637.8,1.9,65.0,10.6
2017.01.26 11:38:29,59.0,-3.7,0.0,1018.7,143.2,867.6,2.0,53.9,13.3
2017.01.26 12:38:30,56.3,-3.2,0.0,1018.1,172.2,988.9,2.3,74.1,10.9
2017.01.26 13:38:30,55.1,-2.9,0.0,1017.7,164.3,843.2,2.0,63.7,11.0
2017.01.26 14:38:30,56.0,-2.5,0.0,1017.4,161.6,590.7,1.8,94.0,9.7
2017.01.26 15:38:30,58.3,-2.1,0.0,1017.2,244.3,402.7,1.0,58.1,10.4
2017.01.26 16:38:30,55.2,-2.2,0.0,1017.0,110.3,171.4,0.8,79.3,7.2
2017.01.26 17:38:30,55.8,-2.6,0.0,1016.7,5.6,17.2,0.0,93.3,5.7
2017.01.26 18:38:30,56.1,-2.7,0.0,1016.7,0.0,2.0,0.0,67.5,6.8
2017.01.26 19:38:30,57.8,-3.1,0.0,1016.5,0.0,2.0,0.0,66.1,13.0
2017.01.26 20:38:30,59.0,-3.4,0.0,1016.0,0.0,2.0,0.0,72.7,17.3
2017.01.26 21:38:30,59.6,-3.7,0.0,1016.1,0.0,2.0,0.0,60.3,13.7
2017.01.26 22:38:30,60.8,-4.2,0.0,1016.0,0.0,2.0,0.0,72.3,12.4
2017.01.26 23:38:31,61.7,-4.5,0.0,1016.1,0.0,2.0,0.0,74.8,17.5
2017.01.27 00:38:31,63.6,-5.1,0.0,1016.1,0.0,2.0,0.0,62.0,17.3
2017.01.27 01:38:31,64.0,-5.4,0.0,1015.9,0.0,2.0,0.0,65.6,15.7
2017.01.27 02:38:31,62.9,-6.0,0.0,1016.1,0.0,2.0,0.0,107.3,7.3
2017.01.27 03:38:31,67.7,-9.1,0.0,1016.0,0.0,1.8,0.0,143.3,0.0
2017.01.27 04:38:31,70.2,-10.7,0.0,1015.9,0.0,2.0,0.0,178.0,0.1
2017.01.27 05:38:31,67.3,-8.9,0.0,1015.5,0.0,1.8,0.0,186.3,1.2
2017.01.27 06:38:31,68.3,-11.3,0.0,1015.8,0.0,2.0,0.0,310.0,0.0
2017.01.27 07:38:31,66.8,-12.0,0.0,1016.2,0.3,3.6,0.0,233.8,0.0
2017.01.27 08:38:31,67.2,-12.1,0.0,1016.5,22.4,90.8,0.4,152.5,0.0
2017.01.27 09:38:32,65.8,-9.6,0.0,1016.8,71.0,358.9,1.0,156.4,0.0
2017.01.27 10:38:32,55.3,-6.2,0.0,1017.1,104.6,665.0,1.9,140.0,0.0
2017.01.27 11:38:32,43.0,-1.2,0.0,1017.0,146.1,900.3,2.0,253.8,0.0
2017.01.27 12:38:32,42.1,0.7,0.0,1016.3,179.9,1015.3,2.8,200.3,0.0
2017.01.27 13:38:32,40.9,2.3,0.3,1015.7,159.8,845.8,2.0,230.3,0.0
2017.01.27 14:38:32,43.4,1.1,0.0,1015.1,146.4,573.1,1.8,186.2,4.2
2017.01.27 15:38:32,42.3,0.7,0.0,1014.9,306.5,398.2,1.0,166.8,2.5
2017.01.27 16:38:32,51.5,-1.0,0.0,1014.7,162.9,174.8,0.8,75.0,10.2
2017.01.27 17:38:32,52.3,-2.9,0.0,1014.5,5.9,17.7,0.0,64.3,16.2
2017.01.27 18:38:32,57.0,-3.9,0.0,1014.5,0.0,1.9,0.0,83.6,15.7
2017.01.27 19:38:33,59.9,-4.2,0.0,1014.4,0.0,2.0,0.0,86.5,10.6
2017.01.27 20:38:33,62.3,-4.8,0.0,1014.2,0.0,2.0,0.0,64.8,11.5
2017.01.27 21:38:33,64.8,-5.2,0.0,1013.8,0.0,1.8,0.0,71.7,9.2
2017.01.27 22:38:33,66.8,-5.6,0.0,1013.4,0.0,1.9,0.0,67.8,10.0
2017.01.27 23:38:33,68.6,-6.9,0.0,1013.4,0.0,1.8,0.0,66.7,13.4
2017.01.28 00:38:33,69.0,-7.7,0.0,1013.5,0.0,2.0,0.0,64.7,12.2
2017.01.28 01:38:33,69.7,-8.2,0.0,1013.3,0.0,1.9,0.0,69.6,6.8
2017.01.28 02:38:33,70.1,-8.3,0.0,1013.3,0.0,1.9,0.0,72.8,7.8
2017.01.28 03:38:33,70.4,-8.2,0.0,1013.3,0.0,2.0,0.0,56.5,9.0
2017.01.28 04:38:33,70.6,-8.2,0.0,1013.5,0.0,2.0,0.0,108.4,4.0
2017.01.28 05:38:33,68.0,-10.5,0.0,1013.7,0.0,1.8,0.0,207.0,0.0
2017.01.28 06:38:34,63.8,-12.8,0.0,1013.9,0.0,1.9,0.0,198.8,0.0
2017.01.28 07:38:34,63.0,-13.2,0.0,1014.2,0.4,4.2,0.0,308.6,0.0
2017.01.28 08:38:34,63.0,-13.1,0.0,1014.3,22.6,99.1,0.5,281.9,0.0
2017.01.28 09:38:34,68.9,-10.4,0.0,1014.6,74.4,364.1,1.0,298.3,0.0
2017.01.28 10:38:34,60.2,-6.2,0.0,1014.6,111.6,684.3,2.0,262.5,0.0
2017.01.28 11:38:34,58.1,-3.6,0.0,1014.7,145.3,917.8,2.0,81.7,7.5
2017.01.28 12:38:34,57.5,-2.6,0.0,1014.6,184.3,1024.3,2.9,76.2,1.2
2017.01.28 13:38:34,56.6,-2.2,0.0,1014.3,173.5,866.1,2.2,62.0,2.7
2017.01.28 14:38:34,57.3,-2.1,0.0,1014.1,161.8,599.2,1.9,51.2,0.7
2017.01.28 15:38:34,57.8,-1.6,0.0,1014.1,280.6,414.0,1.0,109.5,1.1
2017.01.28 16:38:35,57.3,-2.3,0.0,1014.1,146.3,183.1,0.8,59.8,1.2
2017.01.28 17:38:35,65.8,-5.4,0.0,1014.4,4.7,19.2,0.0,92.4,0.0
2017.01.28 18:38:35,69.0,-7.5,0.0,1014.8,0.0,2.0,0.0,197.6,0.0
2017.01.28 19:38:35,69.9,-8.7,0.0,1015.3,0.0,2.0,0.0,231.0,0.0
2017.01.28 20:38:35,70.2,-9.6,0.0,1015.5,0.0,2.0,0.0,198.0,0.1
2017.01.28 21:38:35,70.1,-10.0,0.0,1015.7,0.0,1.9,0.0,82.9,0.0
2017.01.28 22:38:35,69.4,-10.5,0.0,1015.9,0.0,1.8,0.0,217.6,0.1
2017.01.28 23:38:35,68.6,-11.1,0.0,1016.0,0.0,2.0,0.0,234.3,0.0
2017.01.29 00:38:35,65.1,-11.6,0.0,1015.9,0.0,2.0,0.0,203.8,0.0
2017.01.29 01:38:35,65.5,-12.3,0.0,1015.8,0.0,2.0,0.0,209.5,0.0
2017.01.29 02:38:35,62.2,-12.9,0.0,1015.8,0.0,2.0,0.0,302.3,0.0
2017.01.29 03:38:36,65.5,-12.3,0.0,1016.0,0.0,1.9,0.0,218.1,0.1
2017.01.29 04:38:36,62.0,-13.1,0.0,1016.1,0.0,1.9,0.0,256.8,0.0
2017.01.29 05:38:36,62.1,-13.5,0.0,1016.3,0.0,2.0,0.0,145.3,0.0
2017.01.29 06:38:36,61.9,-13.5,0.0,1016.7,0.0,2.0,0.0,76.8,0.0
2017.01.29 07:38:36,61.9,-13.8,0.0,1017.4,0.4,4.2,0.0,189.5,0.0
2017.01.29 08:38:36,62.8,-13.8,0.0,1017.9,23.4,92.9,0.4,251.6,0.0
2017.01.29 09:38:36,68.8,-10.5,0.0,1018.2,72.1,325.4,1.0,146.7,0.0
2017.01.29 10:38:36,69.1,-6.6,0.0,1018.2,111.4,673.1,1.9,115.4,0.0
2017.01.29 11:38:36,49.3,-2.0,0.0,1018.0,159.7,919.3,2.0,45.0,0.0
2017.01.29 12:38:36,49.3,-1.1,0.0,1017.5,195.8,1030.3,3.0,222.0,0.0
2017.01.29 13:38:37,44.4,1.8,0.0,1017.0,170.9,875.3,2.3,184.3,0.0
2017.01.29 14:38:37,50.3,1.1,0.0,1016.6,174.7,601.2,1.9,193.5,0.0
2017.01.29 15:38:37,48.8,2.4,0.0,1016.6,307.8,418.9,1.0,289.4,0.0
2017.01.29 16:38:37,51.4,1.3,0.0,1016.6,171.8,190.8,0.9,300.7,0.0
2017.01.29 17:38:37,57.8,-2.0,0.0,1016.7,7.9,21.3,0.0,312.3,0.0
2017.01.29 18:38:37,67.1,-5.1,0.0,1016.8,0.0,1.8,0.0,81.0,0.0
2017.01.29 19:38:37,72.7,-5.8,0.0,1017.0,0.0,1.9,0.0,106.8,0.0
2017.01.29 20:38:37,71.8,-7.0,0.0,1017.0,0.0,2.0,0.0,169.5,0.0
2017.01.29 21:38:37,70.7,-7.5,0.0,1016.9,0.0,2.0,0.0,155.4,0.0
2017.01.29 22:38:37,70.6,-8.0,0.0,1016.7,0.0,2.0,0.0,82.1,0.0
2017.01.29 23:38:38,70.3,-8.2,0.0,1016.5,0.0,2.0,0.0,185.8,0.0
2017.01.30 00:38:38,70.4,-8.8,0.0,1016.0,0.0,2.0,0.0,303.2,0.0
2017.01.30 01:38:38,69.9,-9.5,0.0,1015.6,0.0,1.9,0.0,235.7,0.0
2017.01.30 02:38:38,70.0,-9.6,0.0,1015.3,0.0,2.0,0.0,254.5,0.0
2017.01.30 03:38:38,70.3,-9.9,0.0,1015.1,0.0,2.0,0.0,84.2,0.0
2017.01.30 04:38:38,69.5,-10.7,0.0,1014.7,0.0,1.9,0.0,47.8,0.0
2017.01.30 05:38:38,69.3,-10.7,0.0,1014.4,0.0,1.9,0.0,102.6,0.1
2017.01.30 06:38:38,68.6,-10.9,0.0,1014.2,0.0,2.0,0.0,173.6,0.0
2017.01.30 07:38:38,68.0,-11.5,0.0,1014.2,0.7,4.8,0.0,122.9,0.0
2017.01.30 08:38:38,69.0,-11.3,0.0,1014.2,25.4,97.8,0.5,243.8,0.0
2017.01.30 09:38:38,72.9,-8.3,0.0,1014.0,80.8,355.3,1.0,147.3,0.0
2017.01.30 10:38:39,73.9,-5.8,0.0,1013.6,115.4,676.8,2.0,65.4,0.0
2017.01.30 11:38:39,55.3,-1.8,0.3,1012.9,185.4,983.8,2.3,169.3,0.0
2017.01.30 12:38:39,51.1,0.5,0.0,1012.0,208.8,1001.4,2.6,259.7,0.0
2017.01.30 13:38:39,51.5,1.1,0.0,1011.2,211.7,873.3,2.0,225.8,0.0
2017.01.30 14:38:39,53.1,1.1,0.0,1010.8,194.4,698.7,1.8,189.9,0.8
2017.01.30 15:38:39,58.8,-0.9,0.0,1010.7,109.8,413.0,1.0,164.3,0.8
2017.01.30 16:38:39,60.7,-1.7,0.0,1010.5,50.9,170.0,0.8,93.6,0.8
2017.01.30 17:38:39,62.8,-1.9,0.0,1010.9,4.5,19.0,0.0,159.5,1.4
2017.01.30 18:38:39,62.5,-2.5,0.0,1010.7,0.0,2.0,0.0,86.6,1.9
2017.01.30 19:38:39,63.8,-2.3,0.0,1010.5,0.0,2.0,0.0,150.7,0.7
2017.01.30 20:38:40,66.0,-2.2,0.0,1010.3,0.0,2.0,0.0,224.2,0.0
